Reading,Timestamp,,ObjectTemp_C
1,5,,43.18999
2,10064,,43.18999
3,20153,,43.46999
4,30211,,43.27001
5,40269,,43.17001
6,51742,,43.17001
7,61799,,43.49001
8,71856,,43.27001
9,81901,,43.07
10,91951,,43.20998
11,102020,,43.08999
12,112074,,43.42999
13,122129,,43.11001
14,132185,,43.33001
15,142236,,43.33001
16,153093,,43.83001
17,163262,,43.08999
18,173343,,43.46999
19,183438,,43.58999
20,193505,,43.49001
21,203551,,43.20998
22,213961,,43.23
23,224020,,43.23
24,234392,,43.70998
25,245263,,43.18999
26,255414,,43.23
27,266145,,43.41
28,276203,,43.13
29,286253,,43.41
30,296307,,43.39001
31,306359,,42.91
32,316405,,43.41
33,326454,,43.73
34,336506,,43.23
35,346655,,43.42999
36,356742,,43.39001
37,366797,,43.42999
38,376849,,43.58999
39,387212,,43.29
40,397298,,43.70998
41,407346,,43.02999
42,417623,,43.33001
43,427756,,43.52999
44,437846,,43.30999
45,447899,,42.91
46,458180,,43.33001
47,468229,,43.27001
48,478275,,43.58999
49,488335,,43.46999
50,498435,,43.39001
51,508494,,43.36999
52,518547,,43.58999
53,528600,,43.18999
54,539010,,43.27001
55,549406,,43.18999
56,559495,,43.33001
57,569546,,43.18999
58,579599,,43.13
59,589712,,43.49001
60,599971,,43.63
61,610021,,43.33001
62,620673,,43.29
63,630822,,43.77001
64,640907,,43.20998
65,650960,,43.33001
66,661823,,43.30999
67,671872,,43.30999
68,681923,,43.61001
69,691971,,43.63
70,702052,,43.33001
71,712230,,43.61001
72,722277,,43.42999
73,732344,,43.33001
74,742404,,43.67001
75,752778,,43.36999
76,762837,,43.39001
77,772892,,43.57
78,782944,,43.42999
79,793676,,43.42999
80,803738,,43.02999
81,814026,,43.52999
82,824118,,42.70998
83,834179,,43.57
84,844336,,43.18999
85,854394,,43.61001
86,864459,,43.33001
87,874508,,43.36999
88,885029,,43.49001
89,895667,,43.20998
90,905831,,43.33001
91,915877,,43.49001
92,925940,,43.39001
93,936014,,43.58999
94,946344,,43.52999
95,956392,,43.42999
96,966446,,43.52999
97,976498,,43.20998
98,986570,,43.08999
99,996624,,43.39001
100,1006675,,43.33001
101,1016730,,43.61001
102,1027153,,43.58999
103,1037607,,43.17001
104,1047815,,43.17001
105,1057863,,43.46999
106,1067926,,43.29
107,1077973,,43.08999
108,1088245,,43.33001
109,1098294,,43.08999
110,1108345,,43.33001
111,1118391,,43.83001
112,1128450,,43.83001
113,1138500,,43.41
114,1148583,,43.13
115,1158643,,43.51
116,1168701,,43.17001
117,1178756,,43.36999
118,1188805,,43.39001
119,1198853,,43.36999
120,1208902,,43.36999
121,1218969,,43.36999
122,1229261,,43.17001
123,1239354,,43.11001
124,1249533,,43.57
125,1259584,,43.61001
126,1269642,,43.70998
127,1280533,,43.46999
128,1290589,,43.33001
129,1300646,,43.46999
130,1310709,,43.41
131,1320754,,43.79
132,1330812,,43.30999
133,1340869,,43.07
134,1350960,,43.20998
135,1361360,,43.39001
136,1371448,,43.57
137,1381632,,43.29
138,1391690,,43.39001
139,1401736,,43.36999
140,1411788,,43.36999
141,1421842,,43.39001
142,1431903,,43.49001
143,1441964,,43.51
144,1452028,,43.39001
145,1462759,,42.83001
146,1473173,,43.42999
147,1483262,,43.36999
148,1493325,,43.41
149,1503635,,43.02999
150,1513914,,43.18999
151,1524166,,43.36999
152,1534266,,43.20998
153,1544316,,43.41
154,1554384,,43.46999
155,1564469,,43.18999
156,1574518,,43.46999
157,1584867,,43.33001
158,1594923,,43.57
159,1604984,,43.33001
160,1615046,,43.52999
161,1625099,,43.29
162,1635157,,43.20998
163,1645226,,43.49001
164,1655302,,43.51
165,1665357,,43.63
166,1675441,,44.08999
167,1685507,,43.46999
168,1695558,,43.58999
169,1705734,,43.07
170,1715779,,43.01
171,1725827,,43.61001
172,1735890,,43.39001
173,1746865,,43.63
174,1756926,,43.58999
175,1766986,,43.07
176,1777076,,43.46999
177,1787484,,43.36999
178,1797711,,43.77001
179,1807772,,43.29
180,1817974,,43.51
181,1828064,,43.70998
182,1838764,,43.17001
183,1848833,,43.08999
184,1858885,,43.42999
185,1868929,,43.27001
186,1878991,,43.18999
187,1889041,,43.20998
188,1899112,,43.23
189,1909170,,43.11001
190,1919548,,43.33001
191,1929632,,43.42999
192,1939761,,43.13
193,1949812,,43.29
194,1960099,,43.57
195,1970188,,43.42999
196,1980249,,43.57
197,1990501,,43.49001
198,2000611,,43.36999
199,2010795,,43.67001
200,2020856,,43.58999
201,2030921,,43.20998
202,2040979,,43.67001
203,2051044,,43.39001
204,2061102,,43.51
205,2071157,,43.41
206,2081207,,43.17001
207,2091252,,43.27001
208,2101310,,43.39001
209,2111368,,43.39001
210,2121721,,43.39001
211,2131773,,43.42999
212,2141834,,43.46999
213,2151887,,43.39001
214,2161936,,43.20998
215,2171989,,43.33001
216,2182202,,43.36999
217,2192261,,43.30999
218,2202327,,43.20998
219,2212956,,43.41
220,2223012,,43.39001
221,2233071,,43.51
222,2243146,,43.33001
223,2253213,,43.39001
224,2263644,,43.80999
225,2273837,,43.46999
226,2283883,,43.57
227,2293942,,43.57
228,2304046,,43.27001
229,2314334,,43.57
230,2324383,,43.49001
231,2334462,,43.23
232,2344517,,43.36999
233,2354600,,43.41
234,2364696,,43.20998
235,2374782,,43.49001
236,2384950,,43.18999
237,2395046,,43.79
238,2405113,,43.23
239,2415166,,43.41
240,2425277,,43.42999
241,2435328,,43.52999
242,2445390,,43.68999
243,2455610,,43.83001
244,2465665,,43.36999
245,2475736,,43.86999
246,2485787,,43.20998
247,2495908,,43.36999
248,2506332,,43.41
249,2516392,,43.39001
250,2526568,,43.36999
251,2536665,,43.36999
252,2547062,,43.42999
253,2557141,,43.41
254,2567188,,43.46999
255,2577253,,43.29
256,2587306,,43.52999
257,2597358,,43.41
258,2607417,,43.61001
259,2617900,,43.41
260,2627953,,43.20998
261,2638043,,43.20998
262,2648226,,43.18999
263,2658313,,43.42999
264,2668368,,43.41
265,2678459,,43.30999
266,2688534,,43.39001
267,2698914,,43.49001
268,2709013,,43.42999
269,2719059,,43.51
270,2729114,,43.29
271,2739468,,43.51
272,2749519,,43.46999
273,2759588,,43.52999
274,2769647,,43.27001
275,2779715,,43.61001
276,2789770,,43.41
277,2799831,,43.30999
278,2809879,,43.51
279,2819937,,43.41
280,2830094,,43.57
281,2840140,,43.39001
282,2850189,,43.49001
283,2860251,,43.51
284,2871227,,43.46999
285,2881305,,43.51
286,2891354,,43.46999
287,2901416,,43.18999
288,2911482,,43.33001
289,2921536,,43.86999
290,2931600,,43.27001
291,2941660,,43.52999
292,2951744,,43.57
293,2961794,,43.11001
294,2971859,,43.30999
295,2981924,,43.41
296,2993523,,43.67001
297,3003580,,43.42999
298,3013634,,43.27001
299,3023693,,43.41
300,3033977,,43.49001
301,3044025,,43.46999
302,3054123,,43.23
303,3064187,,43.30999
304,3074240,,43.41
305,3084455,,43.42999
306,3094507,,43.42999
307,3104555,,43.20998
308,3114614,,43.52999
309,3125002,,43.52999
310,3135057,,43.89001
311,3145165,,43.33001
312,3155214,,43.36999
313,3165266,,43.42999
314,3175340,,43.29
315,3185402,,43.23
316,3195473,,43.18999
317,3205546,,43.77001
318,3215593,,43.20998
319,3225657,,43.51
320,3235712,,43.46999
321,3245777,,43.42999
322,3255828,,43.23
323,3265875,,43.77001
324,3276451,,43.61001
325,3286550,,43.27001
326,3296614,,43.70998
327,3306677,,43.30999
328,3316755,,43.46999
329,3326908,,43.23
330,3336958,,43.51
331,3347107,,43.57
332,3357195,,43.29
333,3367263,,43.23
334,3377544,,43.39001
335,3387593,,43.63
336,3397651,,43.17001
337,3407697,,43.58999
338,3417746,,43.57
339,3427799,,43.58999
340,3437861,,43.41
341,3447926,,43.61001
342,3457980,,43.41
343,3468154,,43.29
344,3478242,,43.33001
345,3488298,,43.51
346,3499151,,43.57
347,3509205,,43.27001
348,3519749,,43.29
349,3529797,,43.17001
350,3539864,,43.30999
351,3549915,,43.51
352,3559966,,43.51
353,3570025,,43.52999
354,3580323,,43.29
355,3590381,,43.51
356,3600566,,43.70998
357,3610637,,43.20998
358,3620699,,43.58999
359,3631014,,43.39001
360,3641077,,43.51
361,3651241,,43.27001
362,3661327,,43.36999
363,3671520,,43.30999
364,3681613,,43.33001
365,3691790,,43.30999
366,3701849,,43.58999
367,3711906,,43.61001
368,3721957,,43.57
369,3732018,,43.33001
370,3742073,,43.18999
371,3752175,,43.30999
372,3762494,,43.52999
373,3772896,,43.42999
374,3782951,,43.46999
375,3793021,,43.46999
376,3803113,,43.27001
377,3813196,,43.52999
378,3823250,,43.23
379,3833415,,43.46999
380,3843508,,43.42999
381,3853646,,43.58999
382,3863716,,43.46999
383,3873779,,43.70998
384,3883829,,43.30999
385,3893880,,43.36999
386,3903931,,43.42999
387,3913980,,43.30999
388,3924047,,43.57
389,3934112,,43.51
390,3944168,,43.61001
391,3954534,,43.49001
392,3965191,,43.33001
393,3975348,,43.36999
394,3985402,,43.41
395,3995471,,43.46999
396,4005629,,43.23
397,4015695,,43.67001
398,4025776,,43.51
399,4035911,,43.36999
400,4045975,,43.17001
401,4056025,,43.36999
402,4066080,,43.36999
403,4076183,,43.42999
404,4086237,,43.23
405,4096286,,43.57
406,4106369,,43.57
407,4116961,,43.18999
408,4127110,,43.61001
409,4137196,,43.58999
410,4147257,,43.36999
411,4157306,,43.57
412,4167398,,43.33001
413,4177791,,43.46999
414,4187876,,43.49001
415,4198072,,43.20998
416,4208132,,43.39001
417,4218187,,43.29
418,4228235,,43.51
419,4238655,,43.51
420,4249646,,43.51
421,4259814,,43.51
422,4269873,,43.73
423,4279941,,43.52999
424,4289998,,43.30999
425,4300058,,43.29
426,4310109,,43.41
427,4320160,,43.51
428,4330216,,43.36999
429,4340271,,43.49001
430,4350325,,43.70998
431,4360381,,43.33001
432,4370458,,43.30999
433,4381447,,43.49001
434,4391609,,43.52999
435,4401696,,43.36999
436,4411752,,43.46999
437,4421812,,43.36999
438,4431858,,43.46999
439,4441938,,43.27001
440,4452121,,43.17001
441,4462170,,43.36999
442,4472223,,43.42999
443,4482283,,43.52999
444,4492683,,43.42999
445,4502742,,43.49001
446,4512953,,43.46999
447,4523042,,43.51
448,4533245,,43.23
449,4543313,,43.42999
450,4553502,,43.52999
451,4563586,,43.70998
452,4573654,,43.36999
453,4584211,,43.18999
454,4594258,,43.13
455,4604316,,43.20998
456,4614381,,43.18999
457,4624437,,43.46999
458,4634516,,43.39001
459,4644590,,43.58999
460,4654656,,43.17001
461,4664713,,43.51
462,4674767,,43.49001
463,4684825,,43.49001
464,4695160,,43.20998
465,4705209,,43.52999
466,4715269,,43.33001
467,4725319,,43.51
468,4735466,,43.46999
469,4745529,,43.63
470,4755594,,43.29
471,4765640,,43.57
472,4775910,,43.58999
473,4786052,,43.36999
474,4796103,,43.17001
475,4806154,,43.20998
476,4816466,,43.52999
477,4826529,,43.67001
478,4836597,,43.42999
479,4846654,,43.57
480,4856704,,43.61001
481,4866751,,43.30999
482,4876845,,43.36999
483,4886897,,43.49001
484,4896955,,43.41
485,4907046,,43.77001
486,4917125,,43.52999
487,4927170,,43.27001
488,4937255,,43.36999
489,4947647,,43.27001
490,4957735,,43.52999
491,4967781,,43.27001
492,4977835,,43.49001
493,4987888,,43.46999
494,4997946,,43.33001
495,5008005,,43.18999
496,5018060,,43.57
497,5028433,,43.20998
498,5038485,,43.67001
499,5048541,,43.57
500,5058599,,43.51
501,5068661,,43.29
502,5078721,,43.63
503,5088784,,43.61001
504,5098838,,43.51
505,5108893,,43.30999
506,5118943,,43.36999
507,5129001,,43.46999
508,5139065,,43.36999
509,5149772,,43.23
510,5159920,,43.58999
511,5170009,,43.61001
512,5180196,,43.51
513,5190296,,43.58999
514,5200466,,43.41
515,5210515,,43.39001
516,5220565,,43.58999
517,5230626,,43.39001
518,5240673,,43.42999
519,5250723,,43.41
520,5260787,,43.42999
521,5270882,,43.51
522,5280943,,43.61001
523,5291096,,43.23
524,5301151,,43.41
525,5311223,,43.51
526,5321551,,43.86999
527,5332538,,43.51
528,5342588,,43.33001
529,5352637,,43.52999
530,5362688,,43.36999
531,5372735,,43.39001
532,5382789,,43.36999
533,5392841,,43.30999
534,5402896,,43.33001
535,5412945,,43.29
536,5423004,,43.17001
537,5433060,,43.27001
538,5443895,,43.42999
539,5453967,,43.41
540,5464646,,43.52999
541,5474698,,43.49001
542,5484753,,43.41
543,5494815,,43.27001
544,5504874,,43.33001
545,5514934,,43.36999
546,5524994,,43.58999
547,5535054,,43.61001
548,5545181,,43.36999
549,5555440,,43.46999
550,5565528,,43.30999
551,5576208,,43.29
552,5586268,,43.27001
553,5596451,,43.30999
554,5606535,,43.63
555,5616599,,43.30999
556,5626867,,43.51
557,5636922,,43.36999
558,5646989,,43.67001
559,5657045,,43.23
560,5667714,,43.30999
561,5677864,,43.33001
562,5687956,,43.36999
563,5698138,,43.27001
564,5708228,,43.27001
565,5718416,,43.61001
566,5728507,,43.46999
567,5738691,,43.46999
568,5748773,,43.30999
569,5758828,,43.52999
570,5768893,,43.67001
571,5778946,,43.27001
572,5789011,,43.41
573,5799057,,43.36999
574,5809114,,43.51
575,5819482,,43.23
576,5829560,,43.41
577,5839770,,43.52999
578,5849831,,43.36999
579,5859878,,43.51
580,5869932,,43.29
581,5879982,,43.58999
582,5890035,,43.41
583,5900122,,43.42999
584,5910414,,43.46999
585,5920465,,43.29
586,5930541,,43.63
587,5940594,,43.46999
588,5950967,,43.33001
589,5961022,,43.57
590,5971075,,43.52999
591,5981126,,43.42999
592,5991569,,43.49001
593,6001815,,43.13
594,6011860,,43.30999
595,6022237,,43.42999
596,6032282,,43.36999
597,6042364,,43.29
598,6052945,,43.29
599,6062994,,43.33001
600,6073046,,43.30999
601,6083103,,43.58999
602,6093193,,43.30999
603,6103248,,43.27001
604,6113301,,43.33001
605,6123651,,43.51
606,6133703,,43.42999
607,6143883,,43.30999
608,6153980,,43.57
609,6164165,,43.41
610,6174251,,43.49001
611,6184435,,43.23
612,6194487,,43.42999
613,6204568,,43.36999
614,6214623,,43.42999
615,6224996,,43.27001
616,6235045,,43.29
617,6245097,,43.51
618,6255161,,43.33001
619,6265216,,43.51
620,6275269,,43.51
621,6285315,,43.46999
622,6295407,,43.29
623,6305454,,43.29
624,6315619,,43.20998
625,6325675,,43.42999
626,6335734,,43.51
627,6346325,,43.41
628,6356505,,43.52999
629,6367260,,43.42999
630,6377311,,43.42999
631,6387366,,43.29
632,6397423,,43.51
633,6407474,,43.18999
634,6417532,,43.46999
635,6427606,,43.29
636,6438473,,43.51
637,6448636,,43.49001
638,6458732,,43.41
639,6468914,,43.51
640,6478967,,43.17001
641,6489045,,43.42999
642,6499360,,43.57
643,6509414,,43.68999
644,6519480,,43.49001
645,6529541,,43.49001
646,6539624,,43.20998
647,6549954,,43.58999
648,6560011,,43.51
649,6570290,,43.30999
650,6580379,,43.39001
651,6590558,,43.39001
652,6600608,,43.41
653,6610701,,43.61001
654,6621268,,43.20998
655,6631318,,43.51
656,6641373,,43.39001
657,6651418,,43.58999
658,6661478,,43.46999
659,6671537,,43.30999
660,6681604,,43.49001
661,6691689,,43.42999
662,6701747,,43.57
663,6711803,,43.58999
664,6721853,,43.42999
665,6731905,,43.51
666,6741962,,43.41
667,6752011,,43.52999
668,6762295,,43.41
669,6772378,,43.42999
670,6782431,,43.36999
671,6792505,,43.70998
672,6802589,,43.49001
673,6812641,,43.52999
674,6822697,,43.49001
675,6832753,,43.49001
676,6842801,,43.18999
677,6852861,,43.29
678,6863054,,43.36999
679,6873102,,43.49001
680,6883177,,43.13
681,6893464,,43.29
682,6903512,,43.27001
683,6913565,,43.51
684,6923614,,43.36999
685,6933666,,43.41
686,6943720,,43.58999
687,6953774,,43.52999
688,6963822,,43.52999
689,6973871,,43.42999
690,6983942,,43.61001
691,6993994,,43.63
692,7004041,,43.27001
693,7014252,,43.49001
694,7024302,,43.27001
695,7034471,,43.08999
696,7044564,,43.36999
697,7054621,,43.46999
698,7064679,,43.46999
699,7074770,,43.41
700,7084824,,43.52999
701,7094996,,43.63
702,7105075,,43.29
703,7115127,,43.27001
704,7125410,,43.61001
705,7135497,,43.42999
706,7145545,,43.20998
707,7155598,,43.49001
708,7165714,,43.41
709,7175770,,43.27001
710,7185832,,43.39001
711,7196247,,43.29
712,7206509,,43.27001
713,7216561,,43.39001
714,7226616,,43.36999
715,7237514,,43.39001
716,7247571,,43.49001
717,7257648,,43.41
718,7267707,,43.42999
719,7277757,,43.68999
720,7287806,,43.57
721,7297861,,43.51
722,7307918,,43.39001
723,7317965,,43.49001
724,7328162,,43.23
725,7338218,,43.49001
726,7348275,,43.67001
727,7358911,,43.20998
728,7369623,,43.39001
729,7379695,,43.23
730,7389744,,43.42999
731,7399804,,43.67001
732,7409875,,43.51
733,7419934,,43.42999
734,7429991,,43.49001
735,7440297,,43.57
736,7450384,,43.39001
737,7460434,,43.20998
738,7470998,,43.52999
739,7481155,,43.51
740,7491212,,43.51
741,7501269,,43.51
742,7511596,,43.63
743,7521831,,43.39001
744,7531887,,43.39001
745,7541937,,43.29
746,7551992,,43.41
747,7562045,,43.39001
748,7572130,,43.61001
749,7582182,,43.58999
750,7592356,,43.49001
751,7602407,,43.39001
752,7612479,,43.23
753,7623352,,43.23
754,7633408,,43.36999
755,7643462,,43.63
756,7653508,,43.39001
757,7663572,,43.46999
758,7673664,,43.49001
759,7683762,,43.41
760,7693818,,43.39001
761,7703869,,43.33001
762,7713925,,43.41
763,7723997,,43.57
764,7734050,,43.30999
765,7744119,,43.36999
766,7754170,,43.46999
767,7764260,,43.29
768,7774325,,43.42999
769,7784371,,43.11001
770,7794425,,43.41
771,7804632,,43.49001
772,7814725,,43.51
773,7824777,,43.30999
774,7835087,,43.58999
775,7845530,,43.20998
776,7855681,,43.49001
777,7865868,,43.57
778,7875922,,43.42999
779,7885979,,43.46999
780,7896051,,43.20998
781,7906106,,43.42999
782,7916188,,43.36999
783,7926591,,43.58999
784,7936679,,43.68999
785,7946939,,43.36999
786,7956993,,43.51
787,7967047,,43.63
788,7977128,,43.33001
789,7987185,,43.61001
790,7997596,,43.20998
791,8007921,,43.41
792,8017973,,43.41
793,8028025,,43.33001
794,8038078,,43.27001
795,8048144,,43.33001
796,8058201,,43.46999
797,8068257,,43.33001
798,8078309,,43.17001
799,8088365,,43.30999
800,8098418,,43.20998
801,8108506,,43.41
802,8119199,,43.41
803,8129341,,43.52999
804,8139487,,43.67001
805,8149564,,43.73
806,8159707,,43.41
807,8169762,,43.33001
808,8180034,,43.27001
809,8190089,,43.63
810,8200162,,43.42999
811,8210218,,43.33001
812,8220276,,43.18999
813,8230327,,43.61001
814,8240376,,43.33001
815,8250432,,43.61001
816,8260864,,43.39001
817,8270914,,43.23
818,8281103,,43.29
819,8291188,,43.30999
820,8301239,,43.42999
821,8311338,,43.42999
822,8321384,,43.36999
823,8331794,,43.23
824,8341852,,43.36999
825,8351908,,43.49001
826,8362210,,43.49001
827,8372260,,43.42999
828,8382325,,43.58999
829,8392382,,43.41
830,8402452,,43.57
831,8412507,,43.51
832,8422563,,43.23
833,8433162,,43.49001
834,8443307,,43.63
835,8453359,,43.13
836,8463426,,43.57
837,8473721,,43.39001
838,8483810,,43.20998
839,8493991,,43.63
840,8504087,,43.57
841,8514273,,43.68999
842,8524331,,43.39001
843,8534381,,43.27001
844,8544426,,43.46999
845,8554825,,43.39001
846,8564910,,43.20998
847,8575161,,43.46999
848,8585210,,43.52999
849,8595267,,43.46999
850,8605767,,43.36999
851,8615952,,43.41
852,8625997,,43.41
853,8636085,,43.11001
854,8646377,,43.23
855,8656439,,43.39001
856,8666494,,43.49001
857,8676543,,43.29
858,8686927,,43.33001
859,8696980,,43.57
860,8707030,,43.27001
861,8717087,,43.27001
862,8727166,,43.52999
863,8737256,,43.29
864,8747316,,43.46999
865,8757812,,43.33001
866,8768023,,43.27001
867,8778113,,43.18999
868,8788293,,43.27001
869,8798339,,43.46999
870,8808407,,43.41
871,8818460,,43.52999
872,8828517,,43.70998
873,8838582,,43.33001
874,8848635,,43.41
875,8858696,,43.36999
876,8869135,,43.23
877,8879194,,43.36999
878,8889242,,43.52999
879,8899548,,43.36999
880,8909608,,43.51
881,8919778,,43.33001
882,8929860,,43.39001
883,8940054,,43.18999
884,8950141,,43.41
885,8960221,,43.20998
886,8970313,,43.20998
887,8980642,,43.52999
888,8990734,,43.27001
889,9000790,,43.41
890,9010843,,43.51
891,9022106,,43.39001
892,9032159,,43.61001
893,9042219,,43.29
894,9052486,,43.30999
895,9062533,,43.36999
896,9072589,,43.41
897,9082649,,43.52999
898,9092713,,43.52999
899,9102768,,43.67001
900,9112821,,43.63
901,9122898,,43.20998
902,9132948,,43.58999
903,9143116,,43.46999
904,9153169,,43.70998
905,9163235,,43.33001
906,9173526,,43.49001
907,9183622,,43.33001
908,9193675,,43.61001
909,9203729,,43.13
910,9213929,,43.49001
911,9224071,,43.51
912,9234125,,43.08999
913,9244830,,43.36999
914,9254879,,43.63
915,9264959,,43.70998
916,9275004,,43.23
917,9285392,,43.36999
918,9295838,,43.23
919,9306861,,43.33001
920,9316915,,43.42999
921,9327024,,43.57
922,9337085,,43.33001
923,9347151,,43.58999
924,9357219,,43.52999
925,9367288,,43.29
926,9377362,,43.63
927,9387651,,43.39001
928,9397702,,43.29
929,9407921,,43.13
930,9418012,,43.36999
931,9428072,,43.42999
932,9438384,,43.51
933,9448439,,43.30999
934,9458612,,43.41
935,9468703,,43.51
936,9478759,,43.52999
937,9488817,,43.46999
938,9498867,,43.36999
939,9508934,,43.41
940,9518996,,43.42999
941,9529052,,43.63
942,9539177,,43.46999
943,9549245,,43.58999
944,9559321,,43.41
945,9569511,,43.52999
946,9579577,,43.49001
947,9589644,,43.30999
948,9600222,,43.33001
949,9610367,,43.42999
950,9620462,,43.33001
951,9630642,,43.29
952,9640692,,43.33001
953,9650777,,43.46999
954,9660839,,43.30999
955,9670891,,43.58999
956,9680940,,43.42999
957,9690996,,43.39001
958,9701057,,43.29
959,9711119,,43.29
960,9721178,,43.61001
961,9731228,,43.61001
962,9741285,,43.36999
963,9751717,,43.39001
964,9761769,,43.29
965,9771824,,43.36999
966,9781870,,43.30999
967,9791926,,43.29
968,9801985,,43.52999
969,9812058,,43.39001
970,9822111,,43.46999
971,9832167,,43.27001
972,9842302,,43.27001
973,9852390,,43.27001
974,9862590,,43.33001
975,9872672,,43.42999
976,9882864,,43.30999
977,9892913,,43.51
978,9902978,,43.46999
979,9913031,,43.67001
980,9923087,,43.67001
981,9933159,,43.49001
982,9943228,,43.39001
983,9953298,,43.57
984,9963357,,43.20998
985,9973409,,43.39001
986,9983469,,43.58999
987,9993522,,43.20998
988,10004483,,43.33001
989,10014664,,43.33001
990,10024732,,43.39001
991,10034921,,43.36999
992,10044981,,43.70998
993,10055042,,43.52999
994,10065101,,43.46999
995,10075180,,43.57
996,10085231,,43.18999
997,10095287,,43.52999
998,10105356,,43.30999
999,10115464,,43.27001
1000,10125511,,43.42999
1001,10135647,,43.63
1002,10145825,,43.63
1003,10155905,,43.41
1004,10166120,,43.42999
1005,10176191,,43.51
1006,10186373,,43.51
1007,10196546,,43.30999
1008,10206968,,43.49001
1009,10217051,,43.29
1010,10227113,,43.36999
1011,10237163,,43.36999
1012,10247217,,43.30999
1013,10257269,,43.41
1014,10267328,,43.33001
1015,10277374,,43.33001
1016,10287429,,43.92999
1017,10297479,,43.36999
1018,10307525,,43.49001
1019,10317611,,43.96999
1020,10327999,,43.42999
1021,10338092,,43.68999
1022,10348277,,43.49001
1023,10358353,,43.42999
1024,10368545,,43.36999
1025,10378600,,43.51
1026,10388663,,43.42999
1027,10398994,,43.11001
1028,10409061,,43.41
1029,10419146,,43.57
1030,10429196,,43.42999
1031,10439266,,43.41
1032,10449327,,43.29
1033,10459380,,43.39001
1034,10469430,,43.29
1035,10479478,,44.01
1036,10489541,,43.63
1037,10499598,,43.41
1038,10509899,,43.41
1039,10520894,,43.39001
1040,10531057,,43.61001
1041,10541108,,43.30999
1042,10551179,,43.41
1043,10561232,,43.30999
1044,10571279,,43.30999
1045,10581336,,43.63
1046,10591391,,43.33001
1047,10601458,,43.33001
1048,10611513,,43.27001
1049,10621562,,43.33001
1050,10631820,,43.67001
1051,10641873,,43.08999
1052,10651920,,43.39001
1053,10661971,,43.58999
1054,10672411,,43.58999
1055,10683152,,43.41
1056,10693213,,43.20998
1057,10703289,,43.41
1058,10713349,,43.36999
1059,10723414,,43.36999
1060,10733466,,43.36999
1061,10743527,,43.46999
1062,10753588,,43.58999
1063,10763643,,43.41
1064,10773703,,43.51
1065,10783752,,43.29
1066,10794068,,43.49001
1067,10804213,,43.30999
1068,10814944,,43.57
1069,10824992,,43.61001
1070,10835043,,43.46999
1071,10845355,,43.46999
1072,10855406,,43.36999
1073,10865452,,43.57
1074,10875503,,43.29
1075,10885569,,43.07
1076,10895621,,43.61001
1077,10905677,,43.36999
1078,10915741,,43.39001
1079,10926163,,43.51
1080,10936605,,43.46999
1081,10946661,,43.49001
1082,10956844,,43.46999
1083,10966892,,43.23
1084,10976944,,43.36999
1085,10987294,,43.58999
1086,10997748,,43.41
1087,11007807,,43.33001
1088,11017857,,43.11001
1089,11027902,,43.61001
1090,11037991,,43.42999
1091,11048978,,43.42999
1092,11059132,,43.41
1093,11069208,,43.57
1094,11079420,,43.36999
1095,11089504,,43.49001
1096,11099555,,43.39001
1097,11109602,,43.33001
1098,11119666,,43.42999
1099,11129714,,43.33001
1100,11139767,,43.39001
1101,11150379,,43.39001
1102,11160469,,43.68999
1103,11170659,,43.58999
1104,11180748,,43.23
1105,11190794,,43.63
1106,11201068,,43.42999
1107,11211151,,43.61001
1108,11221345,,43.20998
1109,11231398,,43.30999
1110,11241469,,43.41
1111,11251589,,43.41
1112,11261643,,43.30999
1113,11271698,,43.23
1114,11281743,,43.33001
1115,11291802,,43.39001
1116,11301865,,43.33001
1117,11311916,,43.13
1118,11321977,,43.52999
1119,11332582,,43.68999
1120,11342638,,43.46999
1121,11353438,,43.39001
1122,11363524,,43.30999
1123,11373717,,43.41
1124,11383772,,43.42999
1125,11393836,,43.49001
1126,11403889,,43.41
1127,11413937,,43.52999
1128,11424001,,43.36999
1129,11434051,,43.36999
1130,11444116,,43.30999
1131,11454173,,43.58999
1132,11464229,,43.33001
1133,11474276,,43.13
1134,11484334,,43.57
1135,11494403,,43.41
1136,11504578,,43.30999
1137,11514669,,43.39001
1138,11524860,,43.36999
1139,11534911,,43.30999
1140,11544983,,43.42999
1141,11555610,,43.17001
1142,11565861,,43.58999
1143,11575920,,43.52999
1144,11585978,,43.39001
1145,11596033,,43.36999
1146,11606614,,43.49001
1147,11617061,,43.36999
1148,11627594,,43.61001
1149,11637651,,43.67001
1150,11647866,,43.39001
1151,11657930,,43.52999
1152,11667998,,43.63
1153,11678059,,43.42999
1154,11688126,,43.29
1155,11698429,,43.20998
1156,11708485,,43.30999
1157,11718548,,43.46999
1158,11728605,,43.33001
1159,11739570,,43.27001
1160,11749735,,43.41
1161,11759819,,43.29
1162,11769869,,43.29
1163,11779925,,43.51
1164,11790285,,43.23
1165,11800390,,43.36999
1166,11810567,,43.52999
1167,11820624,,43.42999
1168,11830837,,43.46999
1169,11840927,,43.18999
1170,11850994,,43.51
1171,11861061,,43.46999
1172,11871130,,43.41
1173,11881569,,43.42999
1174,11891620,,43.57
1175,11901795,,43.49001
1176,11911843,,43.42999
1177,11921907,,43.58999
1178,11931960,,43.29
1179,11942015,,43.68999
1180,11952076,,43.39001
1181,11962128,,43.27001
1182,11972201,,43.51
1183,11982253,,43.23
1184,11992307,,43.80999
1185,12002363,,43.36999
1186,12012427,,43.89001
1187,12022471,,43.79
1188,12032669,,43.52999
1189,12042722,,43.52999
1190,12052784,,43.57
1191,12063414,,43.23
1192,12073475,,43.33001
1193,12083668,,43.39001
1194,12093716,,43.41
1195,12103800,,43.51
1196,12114072,,43.46999
1197,12124126,,43.57
1198,12134177,,43.52999
1199,12144268,,43.36999
1200,12154369,,43.46999
1201,12164766,,43.27001
1202,12174820,,43.33001
1203,12184884,,43.17001
1204,12194937,,43.36999
1205,12205038,,43.20998
1206,12215690,,43.49001
1207,12225899,,43.49001
1208,12235994,,43.17001
1209,12246090,,43.39001
1210,12256153,,43.42999
1211,12266226,,43.13
1212,12276279,,43.23
1213,12286372,,43.51
1214,12296434,,43.20998
1215,12306484,,43.30999
1216,12316536,,43.46999
1217,12326588,,43.27001
1218,12336793,,43.33001
1219,12346937,,43.52999
1220,12357017,,43.42999
1221,12367073,,43.46999
1222,12377390,,43.52999
1223,12388112,,43.61001
1224,12398166,,43.42999
1225,12408221,,43.41
1226,12418273,,43.36999
1227,12428331,,43.20998
1228,12438831,,43.42999
1229,12448892,,43.46999
1230,12459064,,43.57
1231,12469555,,43.39001
1232,12479610,,43.63
1233,12489803,,43.18999
1234,12499868,,43.58999
1235,12509927,,43.18999
1236,12520224,,43.13
1237,12530286,,43.29
1238,12540339,,43.33001
1239,12550389,,43.36999
1240,12560450,,43.42999
1241,12570497,,43.68999
1242,12580557,,43.49001
1243,12590615,,43.51
1244,12600670,,43.42999
1245,12610726,,43.41
1246,12620814,,43.29
1247,12630859,,43.61001
1248,12640909,,43.41
1249,12651071,,43.33001
1250,12661118,,43.63
1251,12671190,,43.46999
1252,12681528,,43.61001
1253,12691583,,43.33001
1254,12701674,,43.33001
1255,12711732,,43.52999
1256,12721784,,43.30999
1257,12731829,,43.49001
1258,12741888,,43.27001
1259,12751940,,43.18999
1260,12761991,,43.41
1261,12772058,,43.49001
1262,12782244,,43.39001
1263,12792289,,43.33001
1264,12802348,,43.29
1265,12812402,,43.51
1266,12822455,,43.51
1267,12832500,,43.51
1268,12842558,,43.61001
1269,12852617,,43.73
1270,12863076,,43.58999
1271,12873127,,43.41
1272,12883311,,43.11001
1273,12893392,,43.52999
1274,12903446,,43.30999
1275,12913595,,43.36999
1276,12923643,,43.68999
1277,12933697,,43.51
1278,12943750,,43.27001
1279,12953818,,43.39001
1280,12963876,,43.23
1281,12973922,,43.29
1282,12984079,,43.36999
1283,12994134,,43.52999
1284,13004240,,43.52999
1285,13014490,,43.49001
1286,13024543,,43.52999
1287,13034593,,43.41
1288,13044650,,43.30999
1289,13054710,,43.36999
1290,13064765,,43.63
1291,13074816,,43.41
1292,13084870,,43.42999
1293,13094930,,43.41
1294,13105153,,43.52999
1295,13115203,,43.30999
1296,13125262,,43.61001
1297,13135564,,43.42999
1298,13145611,,43.58999
1299,13155811,,43.57
1300,13165872,,43.42999
1301,13175939,,43.41
1302,13186256,,43.36999
1303,13196311,,43.30999
1304,13206483,,43.39001
1305,13216539,,43.27001
1306,13226634,,43.41
1307,13236702,,43.58999
1308,13246760,,43.23
1309,13257528,,43.33001
1310,13267695,,43.42999
1311,13277743,,43.39001
1312,13287895,,43.30999
1313,13297990,,43.18999
1314,13308044,,43.41
1315,13318351,,43.68999
1316,13328404,,43.39001
1317,13338459,,43.29
1318,13348740,,43.30999
1319,13358795,,43.51
1320,13368848,,43.33001
1321,13378903,,43.11001
1322,13388963,,43.33001
1323,13399018,,43.27001
1324,13409092,,43.51
1325,13419145,,43.20998
1326,13429249,,43.61001
1327,13439299,,43.36999
1328,13449349,,43.30999
1329,13459484,,43.42999
1330,13469536,,43.29
1331,13479725,,43.41
1332,13490044,,43.73
1333,13500129,,43.77001
1334,13510312,,43.42999
1335,13520358,,43.29
1336,13530444,,43.18999
1337,13540731,,43.61001
1338,13550777,,43.07
1339,13560846,,43.30999
1340,13570901,,43.33001
1341,13580956,,43.77001
1342,13591006,,43.42999
1343,13601057,,43.29
1344,13611110,,43.49001
1345,13621166,,43.46999
1346,13631218,,43.36999
1347,13641490,,43.39001
1348,13651569,,43.20998
1349,13661623,,43.23
1350,13671671,,43.58999
1351,13682083,,43.41
1352,13692137,,43.41
1353,13702194,,43.58999
1354,13712494,,43.36999
1355,13722542,,43.18999
1356,13732732,,43.42999
1357,13742810,,43.36999
1358,13752870,,43.41
1359,13762922,,43.29
1360,13772972,,43.20998
1361,13783023,,43.58999
1362,13793079,,43.67001
1363,13803132,,43.51
1364,13813188,,43.27001
1365,13823251,,43.33001
1366,13833306,,43.79
1367,13843377,,43.52999
1368,13853439,,43.33001
1369,13863541,,43.33001
1370,13873595,,43.39001
1371,13883644,,43.33001
1372,13893789,,43.52999
1373,13904185,,43.29
1374,13914233,,43.36999
1375,13924430,,43.29
1376,13934507,,43.61001
1377,13944720,,43.52999
1378,13954784,,43.57
1379,13964973,,43.46999
1380,13975035,,43.23
1381,13985082,,43.36999
1382,13995134,,43.30999
1383,14005195,,43.20998
1384,14015258,,43.29
1385,14025318,,43.41
1386,14035562,,43.20998
1387,14045766,,43.33001
1388,14055854,,43.20998
1389,14065906,,43.39001
1390,14076480,,43.39001
1391,14086621,,43.36999
1392,14097072,,43.51
1393,14107128,,43.30999
1394,14117185,,43.23
1395,14127237,,43.41
1396,14137293,,43.46999
1397,14147345,,43.29
1398,14157420,,43.61001
1399,14167769,,43.52999
1400,14178513,,43.49001
1401,14188966,,43.33001
1402,14199373,,43.52999
1403,14209430,,43.41
1404,14219490,,43.39001
1405,14229535,,43.23
1406,14239915,,43.39001
1407,14250012,,43.58999
1408,14260196,,43.51
1409,14270287,,43.18999
1410,14280470,,43.77001
1411,14290556,,43.23
1412,14300749,,43.27001
1413,14310807,,43.23
1414,14320866,,43.46999
1415,14330920,,43.29
1416,14340965,,43.49001
1417,14351128,,43.33001
1418,14361183,,43.49001
1419,14371244,,43.52999
1420,14381294,,43.18999
1421,14391351,,43.49001
1422,14401411,,43.39001
1423,14411471,,43.30999
1424,14421526,,43.49001
1425,14431916,,43.46999
1426,14441969,,43.27001
1427,14452022,,43.39001
1428,14462672,,43.49001
1429,14473088,,43.51
1430,14483143,,43.52999
1431,14493226,,43.39001
1432,14503284,,43.42999
1433,14513336,,43.36999
1434,14523391,,43.51
1435,14533442,,43.17001
1436,14543520,,43.36999
1437,14553585,,43.49001
1438,14563639,,43.33001
1439,14573704,,43.30999
1440,14584036,,43.61001
1441,14594171,,43.23
1442,14604224,,43.18999
1443,14614274,,43.42999
1444,14624332,,43.51
1445,14634419,,43.39001
1446,14644852,,43.30999
1447,14655303,,43.41
1448,14665350,,43.29
1449,14675402,,43.13
1450,14685457,,43.33001
1451,14695588,,43.57
1452,14705650,,43.57
1453,14715702,,43.57
1454,14725926,,43.49001
1455,14736007,,43.33001
1456,14746189,,43.41
1457,14756251,,43.41
1458,14766303,,43.63
1459,14776395,,43.57
1460,14786509,,43.52999
1461,14797215,,43.33001
1462,14807668,,43.63
1463,14817723,,43.42999
1464,14827773,,43.27001
1465,14838083,,43.51
1466,14848498,,43.29
1467,14858552,,43.86999
1468,14868761,,43.30999
1469,14878860,,43.49001
1470,14888909,,43.33001
1471,14899210,,43.27001
1472,14909659,,43.20998
1473,14919717,,43.20998
1474,14929772,,43.33001
1475,14940074,,43.51
1476,14950122,,43.39001
1477,14960322,,43.27001
1478,14970399,,43.51
1479,14980451,,43.41
1480,14990503,,43.20998
1481,15000910,,43.30999
1482,15011348,,43.39001
1483,15021492,,43.30999
1484,15031550,,43.52999
1485,15041610,,43.36999
1486,15051669,,43.41
1487,15061723,,43.58999
1488,15071785,,43.99001
1489,15081833,,43.29
1490,15091893,,43.63
1491,15101957,,43.41
1492,15112005,,43.29
1493,15122058,,43.29
1494,15132387,,43.36999
1495,15142793,,43.41
1496,15152876,,43.23
1497,15162926,,43.58999
1498,15172977,,43.52999
1499,15183380,,43.30999
1500,15193531,,43.52999
1501,15203642,,43.27001
1502,15213697,,43.68999
1503,15223756,,43.51
1504,15233813,,43.39001
1505,15243871,,43.11001
1506,15253926,,43.33001
1507,15263971,,43.29
1508,15274306,,43.27001
1509,15284763,,43.27001
1510,15294818,,43.42999
1511,15304867,,43.57
1512,15315170,,43.27001
1513,15325690,,43.23
1514,15335745,,43.51
1515,15345802,,43.29
1516,15355856,,43.33001
1517,15365906,,43.30999
1518,15375963,,43.52999
1519,15386025,,43.91
1520,15396077,,43.18999
1521,15406410,,43.42999
1522,15416461,,43.52999
1523,15426648,,43.49001
1524,15436736,,43.33001
1525,15446945,,43.23
1526,15457006,,43.51
1527,15467204,,43.39001
1528,15477277,,43.52999
1529,15487425,,43.39001
1530,15497484,,43.36999
1531,15507769,,43.33001
1532,15517828,,43.18999
1533,15527886,,43.30999
1534,15537936,,43.57
1535,15547995,,43.30999
1536,15558062,,43.41
1537,15568116,,43.27001
1538,15578169,,43.67001
1539,15588218,,43.36999
1540,15598272,,43.33001
1541,15608351,,43.61001
1542,15618983,,43.20998
1543,15629445,,43.23
1544,15639610,,43.52999
1545,15649838,,43.52999
1546,15659897,,43.41
1547,15669954,,43.41
1548,15680013,,43.49001
1549,15690073,,43.58999
1550,15700119,,43.17001
1551,15710222,,43.49001
1552,15720268,,43.46999
1553,15730320,,43.52999
1554,15740648,,43.33001
1555,15750706,,43.39001
1556,15760890,,43.49001
1557,15770957,,43.30999
1558,15781162,,43.20998
1559,15791218,,43.36999
1560,15801272,,43.41
1561,15811612,,43.33001
1562,15821667,,43.29
1563,15831853,,43.83001
1564,15841910,,43.70998
1565,15851960,,43.08999
1566,15862014,,43.36999
1567,15872074,,43.17001
1568,15882140,,43.29
1569,15892212,,43.36999
1570,15902264,,43.57
1571,15912324,,43.30999
1572,15922374,,43.36999
1573,15932460,,43.52999
1574,15942549,,43.36999
1575,15954113,,43.23
1576,15964170,,43.36999
1577,15974225,,43.20998
1578,15984274,,43.33001
1579,15994692,,43.23
1580,16005128,,43.42999
1581,16015202,,43.33001
1582,16025388,,43.29
1583,16035463,,43.42999
1584,16045525,,43.42999
1585,16055576,,43.36999
1586,16065676,,43.33001
1587,16076076,,43.42999
1588,16086132,,43.36999
1589,16096197,,43.36999
1590,16106286,,43.67001
1591,16116333,,43.30999
1592,16126389,,43.29
1593,16136445,,43.41
1594,16146497,,43.41
1595,16156553,,43.27001
1596,16166608,,43.77001
1597,16176676,,43.36999
1598,16187305,,43.46999
1599,16197420,,43.17001
1600,16207493,,43.36999
1601,16217701,,43.63
1602,16227755,,43.42999
1603,16237967,,43.39001
1604,16248048,,43.20998
1605,16258108,,43.41
1606,16268162,,43.46999
1607,16278219,,43.33001
1608,16288276,,43.36999
1609,16298330,,43.33001
1610,16308380,,43.46999
1611,16318443,,43.29
1612,16328516,,43.46999
1613,16338572,,43.51
1614,16348625,,43.36999
1615,16358730,,43.58999
1616,16368774,,43.52999
1617,16378823,,43.46999
1618,16388880,,43.27001
1619,16398989,,43.36999
1620,16409049,,43.49001
1621,16419226,,43.23
1622,16429297,,43.46999
1623,16439346,,43.30999
1624,16449667,,43.49001
1625,16460122,,43.42999
1626,16470170,,43.52999
1627,16480260,,43.27001
1628,16490313,,43.61001
1629,16500372,,43.57
1630,16510418,,43.46999
1631,16520467,,43.41
1632,16530535,,43.36999
1633,16540616,,43.67001
1634,16550667,,43.70998
1635,16560726,,43.36999
1636,16570784,,43.39001
1637,16580850,,43.36999
1638,16590897,,43.52999
1639,16601082,,43.46999
1640,16611173,,43.39001
1641,16621220,,43.41
1642,16631530,,43.57
1643,16642244,,43.29
1644,16652328,,43.33001
1645,16662388,,43.42999
1646,16672453,,43.46999
1647,16682504,,43.39001
1648,16692554,,43.23
1649,16702611,,43.39001
1650,16712658,,43.57
1651,16722723,,43.41
1652,16732788,,43.57
1653,16742848,,43.18999
1654,16752898,,43.23
1655,16763025,,43.39001
1656,16773171,,43.33001
1657,16783608,,43.42999
1658,16794040,,43.49001
1659,16804094,,43.46999
1660,16814280,,43.57
1661,16824359,,43.29
1662,16834414,,43.36999
1663,16844460,,43.58999
1664,16854518,,43.68999
1665,16864582,,43.57
1666,16874630,,43.57
1667,16884684,,43.30999
1668,16894754,,43.18999
1669,16904807,,43.33001
1670,16914883,,43.33001
1671,16924934,,43.36999
1672,16935356,,43.20998
1673,16945509,,43.49001
1674,16955944,,43.51
1675,16966344,,43.33001
1676,16976436,,43.57
1677,16986530,,43.23
1678,16996598,,43.18999
1679,17006671,,43.42999
1680,17016725,,43.42999
1681,17026779,,43.51
1682,17036878,,43.49001
1683,17046934,,43.27001
1684,17056993,,43.52999
1685,17067056,,43.29
1686,17077241,,43.23
1687,17087319,,43.29
1688,17097533,,43.51
1689,17107593,,43.73
1690,17117651,,43.49001
1691,17127754,,43.46999
1692,17137821,,43.36999
1693,17147881,,43.41
1694,17158048,,43.39001
1695,17168095,,43.49001
1696,17178143,,43.52999
1697,17188504,,43.29
1698,17198941,,43.29
1699,17209018,,43.49001
1700,17219070,,43.83001
1701,17229152,,43.11001
1702,17239213,,43.80999
1703,17249633,,43.41
1704,17260066,,43.46999
1705,17270477,,43.52999
1706,17280563,,43.41
1707,17290662,,43.33001
1708,17300729,,43.52999
1709,17310783,,43.30999
1710,17320840,,43.77001
1711,17330907,,43.63
1712,17340968,,43.42999
1713,17351020,,43.30999
1714,17361449,,43.11001
1715,17371664,,43.42999
1716,17381732,,43.02999
1717,17391791,,43.36999
1718,17401839,,43.30999
1719,17411887,,43.18999
1720,17421939,,43.42999
1721,17432001,,43.67001
1722,17442216,,43.30999
1723,17452289,,43.30999
1724,17462336,,43.29
1725,17472650,,43.30999
1726,17482743,,43.63
1727,17492802,,43.29
1728,17502863,,43.27001
1729,17512917,,43.68999
1730,17523315,,43.51
1731,17533388,,43.42999
1732,17543446,,43.58999
1733,17553720,,43.41
1734,17563800,,43.29
1735,17574002,,43.33001
1736,17584051,,43.20998
1737,17594115,,43.17001
1738,17604438,,43.23
1739,17614861,,43.42999
1740,17624917,,43.33001
1741,17634978,,43.29
1742,17645028,,43.42999
1743,17655078,,43.27001
1744,17665134,,43.13
1745,17675184,,43.23
1746,17685251,,43.46999
1747,17695305,,43.61001
1748,17705360,,43.46999
1749,17715451,,43.36999
1750,17725709,,43.46999
1751,17735768,,43.41
1752,17746061,,43.30999
1753,17756862,,43.27001
1754,17766928,,43.27001
1755,17776993,,43.23
1756,17787074,,43.01
1757,17797140,,43.18999
1758,17807201,,43.18999
1759,17819144,,43.36999
1760,17829197,,43.58999
1761,17839268,,43.39001
1762,17849326,,43.23
1763,17859474,,43.33001
1764,17869530,,43.27001
1765,17879615,,43.27001
1766,17890417,,43.11001
1767,17900493,,43.18999
1768,17910698,,43.17001
1769,17920770,,43.30999
1770,17930833,,43.33001
1771,17941116,,43.49001
1772,17951165,,43.23
1773,17961215,,43.33001
1774,17971271,,43.23
1775,17981486,,43.51
1776,17991538,,43.57
1777,18001586,,43.42999
1778,18011641,,43.27001
1779,18021893,,43.18999
1780,18031952,,43.33001
1781,18042019,,43.42999
1782,18052079,,43.41
1783,18062135,,43.46999
1784,18072186,,43.42999
1785,18082256,,43.51
1786,18092312,,43.42999
1787,18102428,,43.42999
1788,18112869,,43.30999
1789,18123274,,43.46999
1790,18133326,,43.33001
1791,18143393,,43.33001
1792,18153451,,43.20998
1793,18163854,,43.58999
1794,18174273,,43.42999
1795,18184361,,43.30999
1796,18194546,,43.46999
1797,18204625,,43.46999
1798,18214828,,43.33001
1799,18224908,,43.30999
1800,18235122,,43.20998
1801,18245179,,43.42999
1802,18255226,,43.30999
1803,18265288,,43.33001
1804,18275354,,43.27001
1805,18285414,,43.30999
1806,18295495,,43.17001
1807,18305545,,43.30999
1808,18315601,,43.51
1809,18325670,,43.11001
1810,18335864,,43.46999
1811,18345942,,43.46999
1812,18356771,,43.20998
1813,18367195,,43.39001
1814,18377250,,43.27001
1815,18387296,,43.18999
1816,18397352,,43.39001
1817,18407400,,43.33001
1818,18417449,,43.29
1819,18427503,,43.46999
1820,18437559,,43.41
1821,18447608,,43.36999
1822,18457666,,43.29
1823,18467717,,43.29
1824,18477822,,43.36999
1825,18487872,,43.51
1826,18497929,,43.52999
1827,18508537,,43.41
1828,18518990,,43.52999
1829,18529403,,43.49001
1830,18539465,,43.27001
1831,18549527,,43.52999
1832,18559591,,43.18999
1833,18569681,,43.46999
1834,18579730,,43.39001
1835,18589778,,43.58999
1836,18600089,,43.41
1837,18610529,,43.52999
1838,18620981,,43.36999
1839,18631037,,43.08999
1840,18641223,,43.17001
1841,18651269,,43.29
1842,18661341,,43.20998
1843,18671397,,43.42999
1844,18681450,,43.27001
1845,18691506,,43.27001
1846,18701579,,43.39001
1847,18711631,,43.13
1848,18722017,,43.30999
1849,18732105,,43.29
1850,18742152,,43.30999
1851,18752201,,43.39001
1852,18762254,,43.36999
1853,18772333,,43.41
1854,18782531,,43.58999
1855,18792612,,43.33001
1856,18802812,,43.39001
1857,18812874,,43.30999
1858,18822928,,43.33001
1859,18833251,,43.41
1860,18843299,,43.39001
1861,18853357,,43.36999
1862,18863468,,43.29
1863,18873530,,43.61001
1864,18883588,,43.67001
1865,18895275,,43.39001
1866,18905349,,43.27001
1867,18915411,,43.29
1868,18925471,,43.27001
1869,18935525,,43.39001
1870,18945575,,43.33001
1871,18955627,,43.46999
1872,18965681,,43.39001
1873,18976109,,43.52999
1874,18986586,,43.39001
1875,18996695,,43.27001
1876,19006744,,43.30999
1877,19016993,,43.36999
1878,19027403,,43.41
1879,19037632,,43.29
1880,19047718,,43.58999
1881,19057771,,43.57
1882,19067828,,43.49001
1883,19077904,,43.33001
1884,19088242,,43.41
1885,19098377,,43.36999
1886,19109392,,43.39001
1887,19119477,,43.17001
1888,19129548,,43.58999
1889,19139597,,43.23
1890,19149649,,43.29
1891,19159713,,43.51
1892,19169771,,43.36999
1893,19179829,,43.57
1894,19189875,,43.23
1895,19199956,,43.58999
1896,19210004,,43.39001
1897,19220325,,43.63
1898,19230381,,43.36999
1899,19240579,,43.36999
1900,19250661,,43.39001
1901,19260716,,43.42999
1902,19270771,,43.23
1903,19280858,,43.33001
1904,19291271,,43.30999
1905,19301347,,43.23
1906,19311534,,43.63
1907,19321594,,43.52999
1908,19331823,,43.46999
1909,19341888,,43.52999
1910,19351936,,43.29
1911,19361990,,43.33001
1912,19372045,,43.29
1913,19382098,,43.30999
1914,19392147,,43.57
1915,19402469,,43.57
1916,19412565,,43.63
1917,19422619,,43.42999
1918,19432908,,43.20998
1919,19443363,,43.41
1920,19453773,,43.52999
1921,19463830,,43.20998
1922,19473894,,43.01
1923,19483948,,43.42999
1924,19494348,,43.33001
1925,19504799,,43.02999
1926,19515215,,43.33001
1927,19525282,,43.30999
1928,19535494,,43.29
1929,19545556,,43.30999
1930,19555760,,43.33001
1931,19565806,,43.18999
1932,19575874,,43.39001
1933,19585930,,43.41
1934,19595996,,43.18999
1935,19606046,,43.57
1936,19616122,,43.20998
1937,19626205,,43.51
1938,19636261,,43.20998
1939,19646317,,43.41
1940,19656531,,43.20998
1941,19666578,,43.39001
1942,19676632,,43.30999
1943,19686990,,43.30999
1944,19697052,,42.99001
1945,19707213,,43.17001
1946,19717307,,43.52999
1947,19727364,,43.29
1948,19737470,,43.27001
1949,19747791,,43.20998
1950,19758222,,43.61001
1951,19768276,,43.30999
1952,19778334,,43.29
1953,19788651,,43.29
1954,19799207,,43.39001
1955,19809544,,43.42999
1956,19819960,,43.30999
1957,19830016,,43.36999
1958,19840087,,43.39001
1959,19850131,,43.51
1960,19860198,,43.58999
1961,19870261,,43.20998
1962,19880326,,43.46999
1963,19890374,,43.23
1964,19900488,,42.96999
1965,19910926,,43.13
1966,19920976,,43.23
1967,19931166,,43.07
1968,19941253,,43.17001
1969,19951450,,43.27001
1970,19961509,,43.49001
1971,19971563,,43.46999
1972,19981612,,43.57
1973,19991684,,43.46999
1974,20001773,,43.42999
1975,20011830,,43.39001
1976,20021889,,43.29
1977,20031944,,43.17001
1978,20042000,,43.42999
1979,20052054,,43.42999
1980,20062114,,43.20998
1981,20072184,,43.33001
1982,20082253,,43.17001
1983,20092318,,43.41
1984,20102373,,43.27001
1985,20112428,,43.13
1986,20122485,,43.18999
1987,20132534,,43.27001
1988,20142854,,43.20998
1989,20153310,,43.41
1990,20163704,,43.51
1991,20173859,,43.18999
1992,20183935,,43.39001
1993,20194141,,43.11001
1994,20204209,,43.33001
1995,20214262,,43.52999
1996,20224331,,43.18999
1997,20234416,,43.36999
1998,20244473,,43.33001
1999,20254530,,43.30999
2000,20264817,,43.29
2001,20275265,,43.46999
2002,20285715,,43.29
2003,20296127,,43.51
2004,20306183,,43.23
2005,20316237,,43.33001
2006,20326292,,43.51
2007,20336343,,43.30999
2008,20346403,,43.23
2009,20356461,,43.13
2010,20366522,,43.27001
2011,20376568,,43.57
2012,20386621,,43.17001
2013,20396918,,43.33001
2014,20407360,,43.41
2015,20417421,,43.46999
2016,20427484,,43.61001
2017,20437773,,43.36999
2018,20448216,,43.51
2019,20458284,,43.30999
2020,20468338,,43.29
2021,20478388,,43.27001
2022,20488461,,43.33001
2023,20498912,,43.57
2024,20509351,,43.17001
2025,20519768,,43.36999
2026,20529852,,43.36999
2027,20540039,,43.20998
2028,20550121,,43.23
2029,20560317,,43.29
2030,20570368,,43.29
2031,20580417,,43.30999
2032,20590468,,43.46999
2033,20600868,,43.39001
2034,20610927,,43.52999
2035,20621140,,43.42999
2036,20631232,,43.29
2037,20641283,,43.42999
2038,20651345,,43.27001
2039,20661427,,43.58999
2040,20671490,,43.29
2041,20681658,,43.27001
2042,20691712,,43.36999
2043,20701761,,43.13
2044,20711826,,43.41
2045,20721882,,43.23
2046,20731934,,43.36999
2047,20741984,,43.52999
2048,20752058,,43.57
2049,20762478,,43.36999
2050,20772555,,43.49001
2051,20782603,,43.51
2052,20792692,,43.27001
2053,20803014,,43.27001
2054,20816227,,43.46999
2055,20826313,,43.17001
2056,20836506,,43.49001
2057,20846558,,43.30999
2058,20856627,,43.13
2059,20866680,,43.36999
2060,20876788,,43.49001
2061,20887221,,43.57
2062,20897618,,43.11001
2063,20907670,,43.13
2064,20917738,,43.29
2065,20928047,,43.18999
2066,20938102,,43.27001
2067,20948314,,43.36999
2068,20958384,,43.29
2069,20968436,,43.46999
2070,20978515,,43.30999
2071,20988569,,43.51
2072,20998616,,43.27001
2073,21008675,,43.36999
2074,21018730,,43.27001
2075,21028801,,43.02999
2076,21038854,,43.17001
2077,21048910,,43.36999
2078,21058991,,43.20998
2079,21069385,,43.23
2080,21079533,,43.27001
2081,21090566,,43.23
2082,21100629,,43.46999
2083,21110681,,43.18999
2084,21120740,,43.36999
2085,21130793,,43.41
2086,21140851,,43.52999
2087,21150910,,43.17001
2088,21160965,,43.27001
2089,21171022,,43.23
2090,21181085,,43.30999
2091,21191156,,43.30999
2092,21201211,,43.51
2093,21211355,,43.18999
2094,21221562,,43.30999
2095,21231873,,43.17001
2096,21241943,,43.13
2097,21252467,,43.39001
2098,21265331,,43.39001
2099,21276085,,43.17001
2100,21287144,,43.30999
2101,21297247,,43.29
2102,21308098,,43.39001
2103,21318159,,43.27001
2104,21328331,,43.20998
2105,21339192,,43.20998
2106,21349872,,43.61001
2107,21360867,,43.49001
2108,21372539,,43.36999
2109,21383333,,43.41
2110,21394575,,43.39001
2111,21405143,,43.41
2112,21415222,,43.29
2113,21425364,,43.61001
2114,21435922,,43.27001
2115,21448144,,43.20998
2116,21459483,,43.52999
2117,21469853,,43.20998
2118,21480726,,43.33001
2119,21492179,,43.17001
2120,21503412,,43.33001
2121,21514466,,43.36999
2122,21524995,,43.18999
2123,21535439,,43.30999
2124,21545630,,43.18999
2125,21556890,,43.18999
2126,21566944,,43.27001
2127,21576991,,43.27001
2128,21587079,,43.18999
2129,21597160,,43.33001
2130,21607227,,43.30999
2131,21617283,,43.17001
2132,21627620,,43.02999
2133,21637714,,43.08999
2134,21648152,,43.20998
2135,21658209,,43.39001
2136,21668402,,43.51
2137,21678483,,43.30999
2138,21688545,,43.27001
2139,21698843,,43.58999
2140,21708900,,43.57
2141,21718964,,43.42999
2142,21729026,,43.30999
2143,21739075,,43.13
2144,21749128,,43.23
2145,21759183,,43.20998
2146,21769244,,43.23
2147,21779577,,43.17001
2148,21789621,,43.39001
2149,21799918,,43.27001
2150,21809977,,43.41
2151,21820164,,43.30999
2152,21830242,,43.52999
2153,21840435,,43.42999
2154,21850513,,43.51
2155,21860718,,43.30999
2156,21870789,,43.20998
2157,21880985,,43.27001
2158,21891032,,43.46999
2159,21901082,,43.13
2160,21911163,,43.51
2161,21921253,,43.46999
2162,21931402,,43.27001
2163,21941456,,43.49001
2164,21951502,,43.30999
2165,21961796,,43.52999
2166,21971845,,43.30999
2167,21981911,,43.20998
2168,21991971,,43.17001
2169,22002026,,43.30999
2170,22012084,,43.36999
2171,22022298,,43.08999
2172,22032363,,43.18999
2173,22042434,,43.23
2174,22052737,,43.30999
2175,22063158,,43.49001
2176,22073216,,43.20998
2177,22083265,,43.39001
2178,22093317,,43.08999
2179,22103364,,43.18999
2180,22113418,,43.46999
2181,22123470,,43.17001
2182,22133537,,43.27001
2183,22143592,,43.46999
2184,22153784,,43.36999
2185,22163843,,43.33001
2186,22174056,,43.33001
2187,22184131,,43.20998
2188,22194337,,43.42999
2189,22204400,,43.27001
2190,22214611,,43.46999
2191,22224681,,43.42999
2192,22234890,,43.42999
2193,22244936,,43.33001
2194,22255159,,43.23
2195,22265209,,43.42999
2196,22275275,,43.30999
2197,22285331,,43.36999
2198,22295401,,43.41
2199,22305445,,43.17001
2200,22315517,,43.46999
2201,22325570,,43.39001
2202,22336576,,43.42999
2203,22346642,,43.36999
2204,22356841,,43.01
2205,22366891,,43.29
2206,22376940,,43.23
2207,22387257,,43.39001
2208,22397314,,43.29
2209,22407385,,43.29
2210,22417442,,43.39001
2211,22427511,,43.33001
2212,22437562,,43.13
2213,22447611,,43.30999
2214,22457680,,43.27001
2215,22467735,,43.39001
2216,22477788,,43.30999
2217,22487846,,43.63
2218,22497902,,43.41
2219,22508327,,43.17001
2220,22518379,,43.27001
2221,22528571,,43.11001
2222,22538639,,43.51
2223,22548695,,43.30999
2224,22559010,,43.29
2225,22569429,,43.23
2226,22579493,,43.02999
2227,22589547,,43.39001
2228,22599606,,42.96999
2229,22609981,,43.42999
2230,22620030,,43.36999
2231,22630251,,43.46999
2232,22640323,,43.41
2233,22650427,,43.20998
2234,22660496,,43.39001
2235,22670831,,43.46999
2236,22680884,,43.18999
2237,22691085,,43.23
2238,22701156,,43.20998
2239,22711216,,43.20998
2240,22721321,,43.27001
2241,22731634,,43.30999
2242,22741699,,43.20998
2243,22751754,,43.30999
2244,22761809,,43.41
2245,22771865,,43.29
2246,22781916,,43.33001
2247,22791962,,43.42999
2248,22802018,,43.02999
2249,22812444,,43.27001
2250,22822895,,43.33001
2251,22833313,,43.27001
2252,22843382,,39.99001
2253,22853444,,43.23
2254,22863499,,43.13
2255,22873562,,43.36999
2256,22883619,,43.23
2257,22893682,,43.27001
2258,22903734,,43.33001
2259,22914155,,43.58999
2260,22924207,,43.07
2261,22934257,,43.27001
2262,22944547,,43.36999
2263,22954968,,43.58999
2264,22965041,,43.46999
2265,22975262,,43.29
2266,22985417,,43.13
2267,22995645,,43.46999
2268,23005713,,43.20998
2269,23015774,,43.17001
2270,23025827,,43.20998
2271,23035887,,43.30999
2272,23045948,,43.11001
2273,23055995,,43.27001
2274,23066060,,43.29
2275,23076139,,43.11001
2276,23086189,,43.46999
2277,23096314,,43.27001
2278,23106747,,43.30999
2279,23116804,,43.07
2280,23126999,,43.07
2281,23137068,,43.33001
2282,23147283,,43.18999
2283,23157346,,43.30999
2284,23167547,,42.96999
2285,23177616,,43.27001
2286,23187707,,43.41
2287,23197758,,43.30999
2288,23207813,,43.02999
2289,23217865,,43.17001
2290,23227919,,43.42999
2291,23237980,,43.42999
2292,23248068,,43.23
2293,23258117,,43.29
2294,23268323,,43.30999
2295,23278388,,43.17001
2296,23288597,,43.33001
2297,23298665,,43.20998
2298,23308734,,43.17001
2299,23319001,,43.20998
2300,23329051,,42.99001
2301,23339215,,43.30999
2302,23349419,,43.20998
2303,23359475,,43.17001
2304,23369531,,43.36999
2305,23379829,,43.41
2306,23389884,,42.96999
2307,23399933,,43.17001
2308,23409986,,43.23
2309,23420052,,43.18999
2310,23430117,,43.36999
2311,23440184,,43.18999
2312,23450514,,43.18999
2313,23461056,,43.20998
2314,23471383,,43.23
2315,23481446,,43.39001
2316,23491650,,43.52999
2317,23501711,,43.20998
2318,23511937,,43.51
2319,23521996,,43.23
2320,23532051,,43.58999
2321,23542105,,43.36999
2322,23552159,,43.42999
2323,23562217,,43.46999
2324,23572281,,43.13
2325,23582606,,43.27001
2326,23593053,,43.20998
2327,23603490,,43.17001
2328,23613540,,43.08999
2329,23623621,,43.30999
2330,23633680,,43.30999
2331,23643756,,43.27001
2332,23653802,,43.20998
2333,23663998,,43.42999
2334,23674062,,43.23
2335,23684112,,43.17001
2336,23694166,,43.46999
2337,23704263,,43.23
2338,23714315,,43.30999
2339,23724368,,43.07
2340,23734422,,43.29
2341,23744515,,43.30999
2342,23754568,,43.23
2343,23764621,,43.17001
2344,23774894,,43.49001
2345,23784963,,43.42999
2346,23795016,,43.29
2347,23805325,,43.39001
2348,23815497,,43.27001
2349,23825914,,43.23
2350,23835991,,43.23
2351,23846052,,43.20998
2352,23856109,,43.20998
2353,23866173,,43.17001
2354,23876223,,43.23
2355,23886271,,43.27001
2356,23896343,,43.11001
2357,23906399,,43.20998
2358,23916451,,43.17001
2359,23926524,,43.36999
2360,23936621,,43.08999
2361,23946944,,43.23
2362,23956990,,43.23
2363,23967042,,43.41
2364,23977338,,43.23
2365,23987391,,43.27001
2366,23997620,,43.17001
2367,24007665,,43.61001
2368,24017887,,43.23
2369,24027959,,43.17001
2370,24038010,,43.27001
2371,24048100,,43.30999
2372,24058159,,43.27001
2373,24068205,,43.13
2374,24078265,,43.46999
2375,24088324,,43.33001
2376,24098413,,43.29
2377,24108850,,43.33001
2378,24119289,,43.36999
2379,24129738,,43.18999
2380,24140155,,43.29
2381,24150208,,43.29
2382,24160264,,43.41
2383,24170319,,43.20998
2384,24180371,,43.33001
2385,24190425,,43.27001
2386,24200490,,43.18999
2387,24210541,,43.41
2388,24220971,,43.11001
2389,24231024,,43.27001
2390,24241235,,43.08999
2391,24251298,,43.23
2392,24261363,,43.29
2393,24271943,,43.18999
2394,24281997,,43.42999
2395,24292052,,43.29
2396,24302188,,43.39001
2397,24312256,,43.02999
2398,24322327,,43.39001
2399,24332378,,43.29
2400,24342434,,43.33001
2401,24352479,,43.29
2402,24362883,,43.52999
2403,24372949,,43.58999
2404,24383156,,43.29
2405,24393212,,43.63
2406,24403268,,43.42999
2407,24413397,,43.27001
2408,24423731,,43.18999
2409,24434150,,43.29
2410,24444226,,43.17001
2411,24454284,,43.30999
2412,24464337,,43.23
2413,24474396,,43.41
2414,24484471,,43.29
2415,24494522,,43.46999
2416,24504569,,43.18999
2417,24514622,,43.02999
2418,24524683,,43.11001
2419,24534729,,43.39001
2420,24544780,,43.42999
2421,24555204,,43.36999
2422,24565425,,43.39001
2423,24575492,,43.18999
2424,24585934,,43.18999
2425,24596376,,43.39001
2426,24606422,,43.18999
2427,24616473,,43.20998
2428,24626528,,43.27001
2429,24636588,,43.23
2430,24646645,,43.30999
2431,24656695,,43.39001
2432,24666750,,43.29
2433,24677172,,43.30999
2434,24687292,,43.27001
2435,24697340,,43.18999
2436,24707563,,43.20998
2437,24717629,,43.20998
2438,24727835,,43.11001
2439,24737904,,43.20998
2440,24748119,,43.30999
2441,24758176,,43.49001
2442,24768226,,43.58999
2443,24778531,,43.33001
2444,24788590,,43.18999
2445,24798648,,43.17001
2446,24808706,,43.30999
2447,24819075,,43.29
2448,24829143,,43.30999
2449,24839357,,43.46999
2450,24849404,,43.41
2451,24859627,,43.33001
2452,24869693,,43.23
2453,24879744,,43.07
2454,24890065,,43.63
2455,24900569,,43.33001
2456,24910614,,43.17001
2457,24920668,,43.29
2458,24930746,,43.33001
2459,24940792,,43.52999
2460,24951205,,43.39001
2461,24963774,,43.33001
2462,24973839,,43.41
2463,24984047,,43.08999
2464,24994113,,43.02999
2465,25004313,,43.01
2466,25014371,,43.02999
2467,25024430,,43.29
2468,25034477,,43.18999
2469,25044874,,43.27001
2470,25054939,,43.29
2471,25064995,,43.57
2472,25075304,,43.29
2473,25085554,,43.08999
2474,25095869,,43.08999
2475,25105934,,43.39001
2476,25115997,,43.01
2477,25126301,,43.18999
2478,25136734,,43.46999
2479,25146797,,43.49001
2480,25156847,,43.08999
2481,25166899,,43.18999
2482,25176977,,43.36999
2483,25187432,,43.11001
2484,25197885,,43.27001
2485,25208319,,43.11001
2486,25218750,,43.08999
2487,25228804,,43.08999
2488,25238860,,43.18999
2489,25248906,,43.08999
2490,25259222,,43.42999
2491,25269367,,43.46999
2492,25279421,,43.17001
2493,25289733,,43.46999
2494,25300161,,43.11001
2495,25310229,,43.18999
2496,25320783,,43.23
2497,25330833,,43.23
2498,25340896,,43.17001
2499,25350984,,43.58999
2500,25361036,,43.20998
2501,25371452,,43.18999
2502,25381500,,43.13
2503,25391707,,43.29
2504,25401770,,43.11001
2505,25411847,,43.46999
2506,25421917,,43.17001
2507,25431974,,43.41
2508,25442023,,43.33001
2509,25452558,,43.58999
2510,25462618,,43.18999
2511,25472802,,43.30999
2512,25482864,,43.18999
2513,25492918,,43.41
2514,25502978,,43.36999
2515,25513047,,43.51
2516,25523101,,43.46999
2517,25533165,,43.08999
2518,25543213,,43.17001
2519,25553389,,43.11001
2520,25563463,,43.08999
2521,25573517,,43.13
2522,25583572,,43.17001
2523,25593865,,42.91
2524,25604313,,43.33001
2525,25614758,,43.07
2526,25624812,,43.18999
2527,25635013,,43.23
2528,25645072,,43.30999
2529,25655123,,43.27001
2530,25665173,,43.27001
2531,25675234,,43.29
2532,25685281,,43.17001
2533,25695336,,43.49001
2534,25705688,,43.29
2535,25715744,,43.07
2536,25725943,,43.27001
2537,25736002,,43.39001
2538,25746211,,43.41
2539,25756284,,43.27001
2540,25766503,,43.33001
2541,25776952,,43.18999
2542,25787006,,43.07
2543,25797061,,43.36999
2544,25807121,,43.36999
2545,25817188,,43.01
2546,25827253,,43.18999
2547,25837317,,43.13
2548,25847371,,43.36999
2549,25857463,,43.30999
2550,25867518,,43.39001
2551,25877694,,43.33001
2552,25887745,,43.39001
2553,25897978,,43.11001
2554,25908037,,43.42999
2555,25918243,,43.29
2556,25928318,,43.08999
2557,25938526,,43.39001
2558,25948584,,43.30999
2559,25958798,,43.30999
2560,25968869,,43.27001
2561,25979079,,43.23
2562,25989131,,43.30999
2563,25999199,,43.42999
2564,26009251,,43.33001
2565,26019310,,43.52999
2566,26029368,,43.46999
2567,26039502,,43.33001
2568,26049557,,43.52999
2569,26059890,,43.17001
2570,26070346,,43.58999
2571,26080785,,43.29
2572,26090838,,43.27001
2573,26101177,,43.11001
2574,26111246,,43.20998
2575,26121318,,43.39001
2576,26131383,,43.20998
2577,26141437,,43.13
2578,26151489,,43.27001
2579,26161900,,43.17001
2580,26171952,,43.13
2581,26182003,,43.11001
2582,26192164,,43.17001
2583,26202219,,43.33001
2584,26212271,,43.42999
2585,26222712,,43.23
2586,26232762,,43.39001
2587,26242970,,43.07
2588,26253429,,43.42999
2589,26263486,,43.30999
2590,26273537,,43.18999
2591,26283594,,43.23
2592,26293683,,43.07
2593,26304118,,43.18999
2594,26314543,,43.23
2595,26324593,,43.20998
2596,26334821,,42.99001
2597,26344869,,43.33001
2598,26354921,,43.17001
2599,26365251,,43.18999
2600,26375301,,42.99001
2601,26385350,,43.33001
2602,26395420,,43.42999
2603,26405484,,43.18999
2604,26415539,,43.29
2605,26425605,,43.30999
2606,26435660,,43.36999
2607,26445741,,43.02999
2608,26455798,,43.18999
2609,26465855,,43.29
2610,26475907,,43.08999
2611,26485960,,43.36999
2612,26496018,,43.18999
2613,26507178,,43.46999
2614,26517239,,43.02999
2615,26527297,,43.29
2616,26537393,,43.17001
2617,26547458,,43.30999
2618,26557514,,43.27001
2619,26567568,,43.20998
2620,26577638,,43.08999
2621,26587693,,43.13
2622,26598099,,43.39001
2623,26608537,,43.33001
2624,26618612,,43.51
2625,26628813,,43.36999
2626,26638877,,43.07
2627,26649086,,43.02999
2628,26659153,,43.08999
2629,26669300,,43.27001
2630,26679508,,43.29
2631,26689570,,43.39001
2632,26699628,,43.23
2633,26709677,,43.30999
2634,26719775,,43.23
2635,26729823,,43.20998
2636,26739873,,43.07
2637,26750177,,43.17001
2638,26760231,,43.20998
2639,26770292,,43.42999
2640,26780585,,43.17001
2641,26791043,,43.11001
2642,26801096,,43.11001
2643,26811299,,43.33001
2644,26821595,,43.42999
2645,26831652,,43.17001
2646,26841708,,43.20998
2647,26851760,,43.11001
2648,26861822,,43.13
2649,26872138,,43.36999
2650,26882576,,43.11001
2651,26893026,,43.39001
2652,26903466,,43.30999
2653,26913527,,43.27001
2654,26923580,,43.17001
2655,26933629,,43.07
2656,26943688,,43.08999
2657,26953742,,43.23
2658,26963796,,43.39001
2659,26973886,,43.42999
2660,26983973,,43.13
2661,26994026,,43.17001
2662,27004084,,43.39001
2663,27014369,,43.20998
2664,27024819,,43.11001
2665,27035256,,43.33001
2666,27045311,,43.46999
2667,27055525,,43.42999
2668,27065580,,43.01
2669,27075688,,43.11001
2670,27085737,,43.39001
2671,27095792,,43.20998
2672,27105835,,43.13
2673,27115889,,43.02999
2674,27125943,,43.11001
2675,27136015,,43.18999
2676,27146066,,42.92999
2677,27156282,,42.86999
2678,27166341,,42.99001
2679,27176559,,43.13
2680,27186617,,43.07
2681,27196836,,43.13
2682,27207286,,42.99001
2683,27217724,,43.13
2684,27227778,,43.01
2685,27237837,,43.23
2686,27247889,,42.96999
2687,27258290,,42.83001
2688,27268733,,42.91
2689,27279180,,43.23
2690,27289389,,42.96999
2691,27299460,,43.07
2692,27309881,,43.02999
2693,27319943,,42.92999
2694,27330024,,43.08999
2695,27340068,,42.77001
2696,27350149,,42.96999
2697,27360217,,43.18999
2698,27370278,,43.01
2699,27380358,,43.08999
2700,27390441,,43.02999
2701,27400531,,42.91
2702,27411878,,42.99001
2703,27421942,,43.13
2704,27431993,,42.92999
2705,27442041,,42.92999
2706,27452090,,42.92999
2707,27462149,,43.20998
2708,27472210,,43.02999
2709,27482304,,42.89001
2710,27492394,,43.18999
2711,27502439,,43.17001
2712,27512636,,42.96999
2713,27522693,,43.27001
2714,27532742,,42.79
2715,27543043,,42.96999
2716,27553091,,42.89001
2717,27563142,,43.01
2718,27573475,,43.07
2719,27583536,,43.13
2720,27593585,,42.91
2721,27603640,,42.91
2722,27614015,,43.11001
2723,27624070,,43.13
2724,27634122,,43.01
2725,27644181,,43.13
2726,27654285,,43.08999
2727,27664337,,43.01
2728,27674382,,42.99001
2729,27684435,,43.11001
2730,27694482,,43.08999
2731,27704575,,43.08999
2732,27714623,,43.02999
2733,27724677,,43.08999
2734,27734770,,42.80999
2735,27744823,,43.08999
2736,27755020,,43.17001
2737,27765073,,42.92999
2738,27775123,,42.83001
2739,27785257,,43.17001
2740,27795584,,43.13
2741,27805638,,43.23
2742,27815848,,43.07
2743,27825892,,43.02999
2744,27835950,,42.79
2745,27846255,,42.77001
2746,27856304,,43.20998
2747,27866358,,42.77001
2748,27876409,,43.02999
2749,27886808,,42.92999
2750,27896865,,43.13
2751,27907086,,43.17001
2752,27917135,,42.92999
2753,27927288,,42.99001
2754,27937501,,43.11001
2755,27947938,,43.02999
2756,27958016,,42.96999
2757,27968073,,42.86999
2758,27978124,,42.83001
2759,27988187,,42.80999
2760,27998243,,42.99001
2761,28008300,,43.29
2762,28018345,,42.99001
2763,28028463,,42.77001
2764,28038889,,42.99001
2765,28049341,,42.96999
2766,28059544,,42.96999
2767,28069923,,42.89001
2768,28080645,,43.08999
2769,28090720,,42.92999
2770,28100929,,42.79
2771,28111539,,42.73
2772,28121823,,42.92999
2773,28132268,,42.77001
2774,28142326,,43.13
2775,28152384,,43.13
2776,28162438,,43.01
2777,28172602,,42.89001
2778,28182661,,42.86999
2779,28193091,,42.79
2780,28203148,,43.08999
2781,28213313,,42.80999
2782,28223360,,42.83001
2783,28233666,,42.83001
2784,28243732,,42.80999
2785,28253779,,42.96999
2786,28263874,,43.07
2787,28274217,,43.07
2788,28286340,,42.92999
2789,28296405,,42.99001
2790,28306466,,42.99001
2791,28316528,,42.83001
2792,28326597,,43.02999
2793,28336647,,43.01
2794,28346708,,42.89001
2795,28356768,,42.99001
2796,28366974,,42.96999
2797,28377431,,42.80999
2798,28387873,,42.89001
2799,28398321,,42.96999
2800,28408382,,42.96999
2801,28418430,,43.20998
2802,28428489,,42.92999
2803,28438581,,42.86999
2804,28448644,,43.02999
2805,28458699,,43.01
2806,28468775,,42.96999
2807,28478824,,42.91
2808,28489259,,42.99001
2809,28499684,,42.96999
2810,28510153,,43.11001
2811,28520203,,43.01
2812,28530268,,42.96999
2813,28540348,,42.99001
2814,28550423,,42.86999
2815,28560471,,42.99001
2816,28570520,,43.07
2817,28580579,,43.17001
2818,28590633,,43.01
2819,28600711,,42.91
2820,28610761,,42.83001
2821,28620842,,42.89001
2822,28631177,,43.11001
2823,28641397,,42.83001
2824,28651465,,43.02999
2825,28661887,,42.99001
2826,28671943,,42.91
2827,28682473,,42.79
2828,28692525,,43.08999
2829,28702575,,42.96999
2830,28712727,,43.02999
2831,28722782,,42.86999
2832,28733154,,43.07
2833,28743911,,43.01
2834,28753967,,42.92999
2835,28764026,,43.20998
2836,28774331,,42.92999
2837,28784773,,42.79
2838,28794825,,42.99001
2839,28804878,,43.13
2840,28814923,,43.02999
2841,28825327,,42.91
2842,28835376,,43.13
2843,28845428,,43.01
2844,28855744,,42.91
2845,28865840,,42.92999
2846,28875891,,43.08999
2847,28885945,,42.89001
2848,28895995,,43.13
2849,28906048,,43.18999
2850,28916247,,42.89001
2851,28926310,,42.99001
2852,28936526,,42.99001
2853,28946655,,43.02999
2854,28956720,,43.01
2855,28966777,,43.17001
2856,28976840,,43.02999
2857,28986884,,42.99001
2858,28996940,,43.02999
2859,29006994,,42.83001
2860,29017053,,43.07
2861,29027110,,42.86999
2862,29037159,,42.77001
2863,29047233,,42.86999
2864,29057579,,42.96999
2865,29067631,,42.96999
2866,29077682,,43.02999
2867,29087990,,43.08999
2868,29098432,,42.89001
2869,29108482,,42.80999
2870,29118543,,43.08999
2871,29129440,,43.08999
2872,29139492,,42.86999
2873,29149730,,43.20998
2874,29160184,,42.80999
2875,29170629,,42.70998
2876,29180678,,43.20998
2877,29190728,,42.79
2878,29200793,,42.91
2879,29210854,,42.91
2880,29220909,,42.89001
2881,29230957,,43.01
2882,29241011,,42.99001
2883,29251079,,42.86999
2884,29261143,,42.77001
2885,29271193,,43.13
2886,29281811,,42.96999
2887,29291887,,42.99001
2888,29301957,,43.01
2889,29312010,,42.99001
2890,29322090,,42.77001
2891,29332156,,42.92999
2892,29342348,,42.96999
2893,29352800,,42.73
2894,29362851,,43.17001
2895,29372910,,42.92999
2896,29382962,,43.02999
2897,29393024,,43.07
2898,29403073,,42.73
2899,29413125,,42.83001
2900,29423175,,42.86999
2901,29433229,,43.07
2902,29443283,,43.17001
2903,29453342,,43.13
2904,29463695,,43.07
2905,29474143,,42.92999
2906,29484226,,43.07
2907,29494408,,42.70998
2908,29504865,,43.01
2909,29514916,,42.80999
2910,29524961,,42.89001
2911,29535020,,42.77001
2912,29545071,,42.67001
2913,29555120,,42.92999
2914,29565177,,42.77001
2915,29575224,,43.07
2916,29585279,,43.07
2917,29595335,,43.02999
2918,29605383,,43.02999
2919,29615461,,42.73
2920,29625897,,42.77001
2921,29635947,,42.99001
2922,29645995,,42.80999
2923,29656047,,42.91
2924,29666440,,42.89001
2925,29676893,,43.23
2926,29686994,,42.70998
2927,29697060,,43.11001
2928,29707116,,42.83001
2929,29717179,,42.96999
2930,29727245,,42.77001
2931,29737293,,43.23
2932,29747347,,43.08999
2933,29757687,,42.89001
2934,29767743,,42.80999
2935,29777798,,42.73
2936,29788104,,43.18999
2937,29798541,,42.99001
2938,29808598,,42.99001
2939,29818647,,42.80999
2940,29828692,,43.02999
2941,29839086,,42.99001
2942,29849141,,43.02999
2943,29859194,,42.73
2944,29869249,,42.91
2945,29879301,,42.91
2946,29889365,,42.73
2947,29899418,,42.86999
2948,29909762,,43.11001
2949,29920200,,42.80999
2950,29930645,,43.20998
2951,29940697,,42.91
2952,29950749,,42.79
2953,29961060,,42.70998
2954,29971143,,42.92999
2955,29981203,,42.91
2956,29991257,,42.89001
2957,30001327,,43.07
2958,30011379,,43.08999
2959,30021429,,42.86999
2960,30031556,,42.80999
2961,30041609,,42.89001
2962,30051695,,42.73
2963,30062431,,42.89001
2964,30072479,,43.08999
2965,30082705,,42.89001
2966,30093214,,42.77001
2967,30103277,,42.86999
2968,30113334,,43.01
2969,30123393,,43.07
2970,30133438,,43.29
2971,30143831,,42.52999
2972,30153895,,42.67001
2973,30163955,,42.73
2974,30174240,,42.91
2975,30184303,,42.86999
2976,30194523,,43.17001
2977,30204590,,42.80999
2978,30214789,,42.91
2979,30224842,,42.89001
2980,30234891,,43.08999
2981,30245216,,42.92999
2982,30255290,,42.80999
2983,30265349,,42.86999
2984,30275399,,42.80999
2985,30285456,,43.08999
2986,30295539,,42.83001
2987,30305604,,43.13
2988,30315655,,43.11001
2989,30325713,,42.83001
2990,30335766,,42.99001
2991,30345842,,42.77001
2992,30355911,,42.70998
2993,30365966,,42.89001
2994,30376024,,43.11001
2995,30386078,,42.86999
2996,30396360,,42.86999
2997,30406804,,42.99001
2998,30416853,,43.07
2999,30427074,,43.08999
3000,30437239,,43.07
3001,30447492,,42.96999
3002,30457547,,43.02999
3003,30467608,,42.61001
3004,30477661,,43.13
3005,30487711,,42.79
3006,30498053,,42.92999
3007,30508481,,43.07
3008,30518558,,43.02999
3009,30528754,,43.02999
3010,30538814,,43.02999
3011,30549041,,42.70998
3012,30559487,,42.77001
3013,30569539,,42.89001
3014,30579601,,42.96999
3015,30589658,,43.23
3016,30599722,,42.89001
3017,30609780,,42.77001
3018,30619835,,42.92999
3019,30630144,,42.99001
3020,30640198,,43.13
3021,30650406,,43.13
3022,30660464,,43.01
3023,30670684,,43.17001
3024,30680739,,43.02999
3025,30691023,,42.73
3026,30701121,,42.86999
3027,30711292,,42.91
3028,30721443,,42.77001
3029,30731492,,42.51
3030,30741543,,42.89001
3031,30751630,,42.86999
3032,30761689,,42.96999
3033,30772068,,42.92999
3034,30782804,,42.86999
3035,30793277,,43.07
3036,30803557,,42.79
3037,30813608,,42.79
3038,30823656,,43.01
3039,30833716,,42.96999
3040,30843765,,42.96999
3041,30853824,,43.01
3042,30863883,,42.91
3043,30873945,,42.77001
3044,30883992,,43.02999
3045,30894044,,42.83001
3046,30904160,,42.68999
3047,30914616,,42.89001
3048,30925059,,42.63
3049,30935104,,43.18999
3050,30945167,,42.96999
3051,30955342,,42.73
3052,30965403,,42.80999
3053,30975742,,42.80999
3054,30985797,,43.20998
3055,30995844,,42.77001
3056,31005900,,42.80999
3057,31015947,,42.83001
3058,31026018,,42.77001
3059,31036070,,42.77001
3060,31046410,,43.01
3061,31056461,,43.13
3062,31066667,,42.86999
3063,31076729,,42.89001
3064,31086786,,43.07
3065,31097095,,42.80999
3066,31107162,,42.77001
3067,31117209,,42.79
3068,31127510,,42.77001
3069,31137951,,42.79
3070,31148000,,43.41
3071,31158054,,42.89001
3072,31168113,,42.99001
3073,31178488,,42.99001
3074,31188541,,42.96999
3075,31198768,,42.83001
3076,31209217,,43.13
3077,31219277,,42.73
3078,31229494,,42.96999
3079,31239548,,43.20998
3080,31249761,,42.79
3081,31259807,,42.89001
3082,31269864,,42.96999
3083,31279925,,43.11001
3084,31289997,,42.68999
3085,31300053,,42.79
3086,31310105,,42.86999
3087,31320166,,42.92999
3088,31330229,,42.83001
3089,31340299,,43.13
3090,31350355,,42.80999
3091,31360663,,42.89001
3092,31371128,,42.86999
3093,31381549,,42.77001
3094,31391616,,43.27001
3095,31401826,,43.18999
3096,31411889,,43.11001
3097,31421937,,43.01
3098,31431991,,43.02999
3099,31442058,,43.07
3100,31452116,,42.96999
3101,31462166,,42.79
3102,31472493,,43.13
3103,31482941,,42.91
3104,31493381,,42.80999
3105,31503865,,42.79
3106,31513914,,43.02999
3107,31523966,,43.07
3108,31534011,,43.02999
3109,31544076,,43.08999
3110,31554130,,42.77001
3111,31564186,,42.79
3112,31574242,,42.77001
3113,31584296,,43.01
3114,31594367,,42.92999
3115,31604585,,42.91
3116,31614645,,42.89001
3117,31624850,,43.01
3118,31634911,,42.89001
3119,31645134,,43.17001
3120,31655585,,43.01
3121,31666027,,43.27001
3122,31676081,,42.92999
3123,31686141,,42.83001
3124,31696202,,43.18999
3125,31706270,,42.99001
3126,31716331,,42.86999
3127,31726382,,43.18999
3128,31736679,,43.11001
3129,31746737,,43.07
3130,31756951,,42.68999
3131,31767003,,42.80999
3132,31777056,,42.99001
3133,31787188,,43.23
3134,31797513,,42.99001
3135,31807581,,42.80999
3136,31817776,,42.96999
3137,31827833,,43.01
3138,31838061,,42.96999
3139,31848115,,43.02999
3140,31858164,,43.08999
3141,31868221,,42.79
3142,31878281,,42.96999
3143,31888338,,43.01
3144,31898390,,42.91
3145,31908439,,43.11001
3146,31918484,,43.01
3147,31928535,,43.08999
3148,31938834,,42.99001
3149,31949275,,42.70998
3150,31960019,,42.89001
3151,31970464,,42.96999
3152,31980523,,43.02999
3153,31990581,,43.11001
3154,32000867,,42.96999
3155,32010920,,42.91
3156,32021148,,43.08999
3157,32031196,,42.91
3158,32041280,,42.89001
3159,32051567,,43.17001
3160,32061621,,42.89001
3161,32071715,,42.96999
3162,32081772,,42.92999
3163,32091833,,42.96999
3164,32101890,,42.92999
3165,32111947,,43.01
3166,32121999,,42.79
3167,32132069,,43.13
3168,32142124,,42.86999
3169,32152333,,43.02999
3170,32162391,,42.92999
3171,32172438,,43.27001
3172,32182488,,42.91
3173,32192537,,43.01
3174,32202597,,43.17001
3175,32212655,,42.91
3176,32222987,,42.91
3177,32233437,,43.13
3178,32243490,,43.01
3179,32254011,,43.07
3180,32264060,,43.07
3181,32274286,,43.13
3182,32284340,,43.17001
3183,32294398,,43.18999
3184,32304457,,43.13
3185,32314508,,42.91
3186,32324569,,43.08999
3187,32334620,,42.91
3188,32344669,,42.63
3189,32356004,,43.13
3190,32366051,,42.79
3191,32376277,,43.07
3192,32386364,,42.99001
3193,32396416,,43.20998
3194,32406474,,42.89001
3195,32416522,,43.13
3196,32426581,,42.80999
3197,32436637,,43.20998
3198,32446692,,43.36999
3199,32456780,,43.36999
3200,32467218,,43.29
3201,32477279,,42.83001
3202,32487484,,42.99001
3203,32497539,,42.99001
3204,32507599,,42.89001
3205,32517659,,42.92999
3206,32527720,,43.02999
3207,32537788,,42.86999
3208,32548009,,43.17001
3209,32558146,,42.96999
3210,32568590,,43.01
3211,32578650,,42.80999
3212,32588719,,42.86999
3213,32598774,,42.89001
3214,32608844,,43.41
3215,32618901,,43.02999
3216,32628960,,42.96999
3217,32639018,,42.83001
3218,32649071,,43.02999
3219,32659122,,43.01
3220,32669350,,42.99001
3221,32679405,,43.08999
3222,32689623,,43.02999
3223,32699671,,42.77001
3224,32709726,,42.86999
3225,32720049,,42.80999
3226,32730499,,43.07
3227,32740558,,43.11001
3228,32750604,,42.89001
3229,32760655,,42.86999
3230,32770706,,42.86999
3231,32780759,,42.83001
3232,32790823,,42.80999
3233,32800880,,42.96999
3234,32810933,,43.01
3235,32820998,,42.77001
3236,32831051,,43.01
3237,32841104,,43.11001
3238,32851425,,43.02999
3239,32861655,,42.99001
3240,32872107,,42.89001
3241,32882593,,42.99001
3242,32892650,,42.92999
3243,32902702,,43.20998
3244,32912753,,42.99001
3245,32922805,,42.70998
3246,32933245,,42.91
3247,32943416,,42.96999
3248,32953469,,42.80999
3249,32963645,,42.89001
3250,32973695,,42.86999
3251,32983929,,43.08999
3252,32994060,,43.17001
3253,33004115,,42.92999
3254,33014337,,42.92999
3255,33024781,,43.11001
3256,33034954,,43.20998
3257,33045382,,42.89001
3258,33055828,,43.01
3259,33065874,,43.02999
3260,33075928,,42.89001
3261,33085979,,43.39001
3262,33096027,,42.57
3263,33106110,,42.77001
3264,33116334,,43.17001
3265,33126387,,42.96999
3266,33136611,,42.83001
3267,33146714,,43.49001
3268,33156775,,42.99001
3269,33166838,,42.92999
3274,33221948,,43.33001
3275,33232073,,42.91
3276,33243795,,42.68999
3277,33254049,,43.17001
3278,33264119,,42.96999
3279,33274175,,43.11001
3280,33284238,,42.89001
3281,33294319,,42.83001
3282,33304410,,43.17001
3283,33314506,,42.96999
3284,33324918,,42.86999
3285,33334978,,43.02999
3286,33345033,,42.92999
3287,33355083,,42.73
3288,33365133,,43.29
3289,33375187,,42.68999
3290,33385244,,43.07
3291,33395292,,42.73
3292,33405342,,43.42999
3293,33415544,,42.96999
3294,33425594,,43.11001
3295,33435827,,43.07
3296,33445886,,43.02999
3297,33455942,,43.23
3298,33465998,,42.89001
3299,33476065,,42.89001
3300,33486124,,42.99001
3301,33496330,,42.77001
3302,33506393,,42.91
3303,33516443,,42.89001
3304,33526767,,42.92999
3305,33537195,,43.20998
3306,33547261,,42.92999
3307,33557313,,43.13
3308,33567611,,43.11001
3309,33578056,,42.91
3310,33588107,,43.13
3311,33598342,,43.13
3312,33609095,,43.13
3313,33619141,,42.83001
3314,33629204,,43.07
3315,33639298,,43.02999
3316,33649639,,42.79
3317,33660387,,42.80999
3318,33670443,,43.02999
3319,33680496,,42.99001
3320,33690815,,43.07
3321,33700875,,43.11001
3322,33711104,,43.02999
3323,33721156,,42.91
3324,33731206,,43.01
3325,33741261,,42.99001
3326,33751317,,42.80999
3327,33761365,,43.17001
3328,33771433,,43.11001
3329,33782323,,43.08999
3330,33792479,,43.07
3331,33802944,,42.92999
3332,33813058,,42.86999
3333,33823111,,43.01
3334,33833182,,43.33001
3335,33843338,,42.91
3336,33853483,,43.23
3337,33865303,,42.92999
3338,33875378,,42.99001
3339,33885441,,42.70998
3340,33895514,,42.92999
3341,33905856,,42.83001
3342,33915908,,42.83001
3343,33925962,,43.13
3344,33936051,,43.13
3345,33946401,,43.02999
3346,33956469,,42.83001
3347,33966666,,42.86999
3348,33976751,,42.80999
3349,33986943,,42.89001
3350,33997052,,42.96999
3351,34007107,,42.92999
3352,34017156,,43.20998
3353,34027205,,43.02999
3354,34038272,,43.17001
3355,34048317,,42.83001
3356,34058522,,42.77001
3357,34069881,,42.89001
3358,34081540,,43.17001
3359,34091608,,42.92999
3360,34101850,,42.79
3361,34113553,,43.07
3362,34123958,,43.08999
3363,34134409,,42.80999
3364,34145153,,43.11001
3365,34155210,,43.01
3366,34165263,,42.80999
3367,34175309,,43.02999
3368,34185364,,43.18999
3369,34195430,,42.80999
3370,34205483,,42.86999
3371,34215811,,42.77001
3372,34225860,,42.99001
3373,34235913,,43.08999
3374,34245971,,43.08999
3375,34256027,,43.29
3376,34266077,,42.99001
3377,34276157,,42.91
3378,34286212,,43.07
3379,34296318,,42.99001
3380,34306757,,43.27001
3381,34317192,,42.80999
3382,34327322,,42.99001
3383,34337378,,43.01
3384,34347434,,43.07
3385,34357495,,43.07
3386,34367566,,43.18999
3387,34377618,,43.08999
3388,34387741,,43.13
3389,34397984,,43.29
3390,34408430,,43.02999
3391,34419245,,42.91
3392,34429337,,43.23
3393,34439397,,43.11001
3394,34449480,,42.99001
3395,34462000,,42.73
3396,34473293,,42.96999
3397,34483372,,42.92999
3398,34493429,,43.02999
3399,34503510,,43.13
3400,34513567,,43.27001
3401,34523615,,43.27001
3402,34533665,,42.86999
3403,34543717,,43.13
3404,34554338,,42.83001
3405,34564392,,43.29
3406,34574626,,43.07
3407,34585066,,42.86999
3408,34595262,,43.02999
3409,34605360,,42.79
3410,34615415,,42.83001
3411,34625481,,42.96999
3412,34635544,,43.17001
3413,34645610,,42.89001
3414,34655675,,42.80999
3415,34665722,,42.99001
3416,34676044,,43.02999
3417,34686098,,42.91
3418,34696187,,42.96999
3419,34706237,,42.73
3420,34716547,,42.91
3421,34726597,,43.08999
3422,34736833,,43.20998
3423,34746899,,43.01
3424,34756943,,42.89001
3425,34767250,,43.02999
3426,34777686,,42.99001
3427,34787740,,43.20998
3428,34797802,,42.86999
3429,34807871,,43.18999
3430,34818005,,42.83001
3431,34828077,,42.92999
3432,34838517,,43.02999
3433,34848565,,43.07
3434,34858790,,43.18999
3435,34869235,,42.86999
3436,34879296,,43.01
3437,34889344,,42.80999
3438,34899636,,42.99001
3439,34909685,,43.17001
3440,34919745,,42.80999
3441,34929796,,42.89001
3442,34940205,,42.99001
3443,34950645,,42.67001
3444,34960696,,42.99001
3445,34970914,,42.86999
3446,34981017,,43.01
3447,34991182,,43.02999
3448,35001675,,42.89001
3449,35011755,,43.08999
3450,35021810,,43.07
3451,35031855,,43.07
3452,35041955,,43.01
3453,35052631,,42.70998
3454,35063385,,42.96999
3455,35073595,,42.83001
3456,35083670,,42.86999
3457,35093731,,42.99001
3458,35103783,,42.92999
3459,35113834,,43.08999
3460,35123904,,42.77001
3461,35133978,,43.17001
3462,35144032,,42.96999
3463,35154077,,42.91
3464,35164206,,42.92999
3465,35175201,,43.11001
3466,35185267,,42.73
3467,35195327,,42.79
3468,35205915,,42.99001
3469,35215983,,43.01
3470,35226031,,43.07
3471,35236086,,43.18999
3472,35246143,,43.02999
3473,35256218,,43.07
3474,35266305,,42.91
3475,35276388,,42.83001
3476,35286724,,42.99001
3477,35297174,,42.96999
3478,35307320,,43.08999
3479,35317386,,43.02999
3480,35327600,,42.80999
3481,35338036,,43.27001
3482,35348093,,43.18999
3483,35358142,,43.17001
3484,35368444,,43.13
3485,35378505,,42.89001
3486,35388718,,42.91
3487,35399161,,43.20998
3488,35409332,,42.92999
3489,35419386,,43.07
3490,35429571,,43.08999
3491,35440014,,42.89001
3492,35450076,,42.92999
3493,35460127,,42.91
3494,35470189,,43.27001
3495,35480241,,42.91
3496,35490305,,43.11001
3497,35500354,,43.11001
3498,35510418,,43.07
3499,35520509,,42.77001
3500,35530950,,42.80999
3501,35541390,,42.99001
3502,35551843,,42.99001
3503,35561913,,42.86999
3504,35571973,,43.11001
3505,35582041,,42.99001
3506,35592109,,42.86999
3507,35602177,,43.01
3508,35612229,,43.13
3509,35622277,,42.83001
3510,35632626,,43.08999
3511,35643379,,43.02999
3512,35653431,,42.91
3513,35663508,,42.99001
3514,35673554,,43.20998
3515,35683644,,43.20998
3516,35693695,,42.79
3517,35703899,,43.11001
3518,35713956,,43.08999
3519,35724023,,43.51
3520,35734078,,42.96999
3521,35744128,,43.02999
3522,35754187,,42.92999
3523,35764241,,42.91
3524,35774573,,42.80999
3525,35785009,,43.07
3526,35795058,,42.89001
3527,35805193,,42.77001
3528,35815250,,43.01
3529,35825846,,43.29
3530,35835904,,42.92999
3531,35845958,,42.77001
3532,35856891,,42.92999
3533,35866944,,43.01
3534,35877174,,43.20998
3535,35887425,,43.01
3536,35897750,,43.01
3537,35907816,,43.29
3538,35918018,,42.99001
3539,35928159,,43.01
3540,35938203,,43.02999
3541,35948258,,42.80999
3542,35958305,,43.07
3543,35968425,,42.96999
3544,35978479,,42.86999
3545,35988526,,43.01
3546,35999129,,43.02999
3547,36009185,,42.96999
3548,36019399,,42.91
3549,36029466,,43.01
3550,36039523,,43.13
3551,36049831,,43.29
3552,36060262,,43.01
3553,36070335,,42.79
3554,36080405,,43.01
3555,36090463,,42.99001
3556,36100518,,42.92999
3557,36111446,,42.96999
3558,36121518,,43.11001
3559,36131569,,42.92999
3560,36141621,,42.91
3561,36151797,,43.02999
3562,36161868,,43.02999
3563,36171930,,43.01
3564,36182240,,42.92999
3565,36192297,,43.01
3566,36202352,,43.02999
3567,36212416,,43.20998
3568,36222479,,43.30999
3569,36233006,,42.99001
3570,36243230,,42.91
3571,36253309,,43.13
3572,36263627,,43.01
3573,36274078,,42.91
3574,36284529,,42.96999
3575,36294598,,42.92999
3576,36304655,,42.86999
3577,36314709,,42.89001
3578,36324764,,42.91
3579,36334828,,42.91
3580,36344882,,43.08999
3581,36354945,,42.96999
3582,36364997,,43.20998
3583,36375259,,42.96999
3584,36385321,,42.89001
3585,36396027,,43.02999
3586,36406087,,43.02999
3587,36416313,,42.96999
3588,36426375,,42.80999
3589,36436430,,43.08999
3590,36446488,,42.92999
3591,36456543,,42.96999
3592,36466596,,42.91
3593,36476661,,43.07
3594,36486722,,42.89001
3595,36496805,,42.99001
3596,36506854,,42.86999
3597,36517066,,43.20998
3598,36527816,,42.83001
3599,36538267,,43.02999
3600,36549006,,43.20998
3601,36559064,,42.96999
3602,36569299,,42.99001
3603,36579357,,43.02999
3604,36589409,,42.92999
3605,36599470,,43.01
3606,36609523,,43.17001
3607,36619587,,43.01
3608,36629825,,43.29
3609,36639876,,43.23
3610,36650102,,43.07
3611,36660226,,42.92999
3612,36670282,,43.02999
3613,36680499,,42.96999
3614,36690566,,43.18999
3615,36700631,,42.99001
3616,36710688,,43.11001
3617,36721586,,43.23
3618,36731637,,42.99001
3619,36741752,,42.86999
3620,36751809,,43.11001
3621,36761858,,42.83001
3622,36772092,,43.13
3623,36783077,,43.11001
3624,36793164,,42.86999
3625,36803220,,43.02999
3626,36813516,,42.92999
3627,36823565,,43.02999
3628,36833639,,42.83001
3629,36844518,,42.91
3630,36854613,,43.01
3631,36864670,,43.17001
3632,36874747,,42.91
3633,36884808,,42.99001
3634,36895382,,43.08999
3635,36905977,,43.13
3636,36916030,,42.99001
3637,36926084,,42.92999
3638,36936408,,43.01
3639,36946466,,42.99001
3640,36956686,,43.08999
3641,36966753,,42.86999
3642,36976817,,42.99001
3643,36986887,,42.89001
3644,36996954,,43.13
3645,37007384,,43.11001
3646,37017453,,43.13
3647,37027527,,42.96999
3648,37037594,,42.91
3649,37048504,,42.96999
3650,37058596,,42.99001
3651,37068798,,43.11001
3652,37078857,,43.02999
3653,37088908,,42.96999
3654,37098963,,42.92999
3655,37109088,,43.17001
3656,37119526,,43.01
3657,37129582,,43.07
3658,37139772,,42.96999
3659,37150807,,43.08999
3660,37160858,,43.27001
3661,37170927,,42.89001
3662,37181397,,43.08999
3663,37191990,,43.27001
3664,37202441,,42.99001
3665,37212882,,43.11001
3666,37222942,,43.01
3667,37232992,,42.99001
3668,37243058,,43.11001
3669,37253158,,42.80999
3670,37263419,,43.02999
3671,37274394,,43.07
3672,37284485,,43.01
3673,37294539,,42.96999
3674,37304737,,43.07
3675,37314874,,42.89001
3676,37324948,,42.79
3677,37335012,,43.08999
3678,37345065,,43.11001
3679,37355140,,42.80999
3680,37365219,,42.91
3681,37375287,,42.89001
3682,37385539,,42.86999
3683,37395975,,43.08999
3684,37406035,,43.23
3685,37416095,,43.01
3686,37426418,,43.13
3687,37437136,,43.08999
3688,37447193,,43.01
3689,37457256,,42.99001
3690,37468144,,43.11001
3691,37478214,,43.07
3692,37488264,,42.92999
3693,37498923,,42.86999
3694,37508981,,42.92999
3695,37519060,,42.89001
3696,37529138,,42.99001
3697,37539206,,42.73
3698,37549276,,43.01
3699,37559326,,43.07
3700,37569402,,42.80999
3701,37579468,,43.29
3702,37589519,,42.77001
3703,37600553,,43.07
3704,37610627,,42.99001
3705,37620848,,42.80999
3706,37631301,,42.92999
3707,37641356,,43.20998
3708,37651409,,42.80999
3709,37662012,,43.11001
3710,37672095,,43.08999
3711,37682160,,43.07
3712,37692240,,42.91
3713,37702341,,43.01
3714,37712431,,43.11001
3715,37722561,,42.96999
3716,37733365,,42.77001
3717,37743424,,43.01
3718,37753487,,43.08999
3719,37763808,,42.92999
3720,37773869,,42.77001
3721,37783924,,42.91
3722,37794006,,42.92999
3723,37804061,,43.11001
3724,37814401,,42.79
3725,37825135,,42.96999
3726,37835197,,43.07
3727,37845266,,43.17001
3728,37855321,,42.89001
3729,37865425,,42.99001
3730,37875862,,42.89001
3731,37885925,,43.01
3732,37895980,,43.07
3733,37906028,,42.91
3734,37916097,,42.92999
3735,37927102,,42.99001
3736,37937196,,42.99001
3737,37947280,,43.08999
3738,37957326,,43.18999
3739,37967393,,43.07
3740,37977460,,42.91
3741,37987508,,42.96999
3742,37997563,,43.07
3743,38007627,,43.01
3744,38018090,,42.89001
3745,38028139,,43.27001
3746,38038340,,43.08999
3747,38049266,,42.89001
3748,38059335,,42.83001
3749,38069396,,43.07
3750,38079450,,42.70998
3751,38089508,,43.13
3752,38099603,,43.30999
3753,38109655,,42.99001
3754,38120364,,43.18999
3755,38131099,,43.02999
3756,38141164,,43.02999
3757,38151220,,43.17001
3758,38161283,,42.91
3759,38171341,,43.11001
3760,38181405,,42.96999
3761,38191502,,43.02999
3762,38203327,,42.96999
3763,38213385,,42.92999
3764,38223452,,43.11001
3765,38233507,,42.77001
3766,38243583,,43.01
3767,38254582,,43.02999
3768,38264634,,42.99001
3769,38274697,,42.89001
3770,38285330,,43.36999
3771,38295388,,43.08999
3772,38305446,,43.01
3773,38315508,,42.96999
3774,38325898,,42.96999
3775,38335953,,43.02999
3776,38346006,,43.01
3777,38356059,,43.18999
3778,38366123,,43.02999
3779,38377156,,43.18999
3780,38387235,,43.02999
3781,38397308,,42.96999
3782,38407367,,43.01
3783,38417416,,43.02999
3784,38427484,,43.23
3785,38437540,,42.99001
3786,38447600,,43.08999
3787,38457663,,42.86999
3788,38467737,,43.11001
3789,38477785,,42.92999
3790,38487833,,43.02999
3791,38498809,,43.01
3792,38508889,,42.99001
3793,38518973,,43.08999
3794,38529052,,43.02999
3795,38539693,,43.33001
3796,38549744,,43.20998
3797,38559823,,43.13
3798,38569881,,42.99001
3799,38579934,,42.86999
3800,38589988,,43.17001
3801,38600046,,42.92999
3802,38610104,,43.11001
3803,38620204,,42.96999
3804,38630257,,43.18999
3805,38640309,,43.01
3806,38650363,,43.11001
3807,38660440,,43.08999
3808,38671458,,42.91
3809,38681527,,43.23
3810,38691580,,43.07
3811,38701653,,43.07
3812,38711714,,43.08999
3813,38722277,,42.91
3814,38733210,,42.91
3815,38743282,,43.08999
3816,38753585,,43.11001
3817,38763652,,42.92999
3818,38773713,,43.23
3819,38783779,,43.27001
3820,38793833,,42.89001
3821,38803898,,43.27001
3822,38813954,,43.07
3823,38824012,,43.20998
3824,38834300,,43.01
3825,38844350,,43.11001
3826,38854574,,43.07
3827,38865181,,43.36999
3828,38876053,,43.17001
3829,38886121,,43.23
3830,38896361,,43.27001
3831,38906409,,43.13
3832,38916458,,43.08999
3833,38927174,,43.02999
3834,38937456,,42.83001
3835,38948427,,43.20998
3836,38958476,,42.96999
3837,38968566,,43.13
3838,38978997,,43.18999
3839,38989055,,43.23
3840,38999206,,43.27001
3841,39009260,,42.99001
3842,39019358,,43.18999
3843,39029721,,42.86999
3844,39039785,,43.18999
3845,39049837,,43.08999
3846,39059893,,42.92999
3847,39069948,,43.01
3848,39080484,,43.13
3849,39090532,,43.11001
3850,39100580,,42.96999
3851,39110783,,43.18999
3852,39121825,,43.29
3853,39131899,,42.80999
3854,39142421,,43.01
3855,39153466,,42.86999
3856,39163529,,43.13
3857,39173766,,43.13
3858,39183820,,43.27001
3859,39193880,,43.29
3860,39203940,,42.91
3861,39214007,,42.96999
3862,39224061,,42.96999
3863,39234127,,43.17001
3864,39244184,,43.13
3865,39254277,,43.20998
3866,39264696,,43.17001
3867,39275256,,43.23
3868,39285589,,43.41
3869,39295647,,43.27001
3870,39305861,,42.99001
3871,39315941,,42.96999
3872,39325993,,43.18999
3873,39336044,,43.27001
3874,39346100,,42.96999
3875,39356154,,42.80999
3876,39366208,,43.07
3877,39376266,,43.30999
3878,39386354,,43.01
3879,39396419,,43.11001
3880,39406622,,43.07
3881,39416677,,43.08999
3882,39426898,,43.08999
3883,39436958,,43.30999
3884,39447181,,42.89001
3885,39457236,,42.77001
3886,39467283,,42.91
3887,39477942,,43.29
3888,39488002,,43.08999
3889,39498062,,43.08999
3890,39508126,,42.91
3891,39518190,,43.23
3892,39528253,,43.27001
3893,39538306,,43.11001
3894,39548363,,43.18999
3895,39558492,,42.96999
3896,39569285,,42.92999
3897,39579335,,43.18999
3898,39589396,,43.02999
3899,39599471,,42.99001
3900,39609685,,43.08999
3901,39620132,,43.08999
3902,39630194,,43.23
3903,39640260,,43.01
3904,39650315,,43.30999
3905,39660392,,43.33001
3906,39670454,,42.92999
3907,39680515,,42.91
3908,39690592,,42.99001
3909,39700647,,43.30999
3910,39710703,,43.27001
3911,39720759,,43.08999
3912,39730809,,43.01
3913,39741342,,42.96999
3914,39751420,,42.91
3915,39761783,,43.11001
3916,39772205,,43.01
3917,39782253,,43.01
3918,39792309,,43.01
3919,39802364,,43.23
3920,39812464,,42.91
3921,39822526,,42.89001
3922,39832619,,43.08999
3923,39842852,,43.11001
3924,39852905,,43.07
3925,39863468,,42.96999
3926,39874172,,43.02999
3927,39884241,,42.77001
3928,39894306,,42.91
3929,39904368,,42.96999
3930,39914444,,43.07
3931,39924510,,43.27001
3932,39934558,,43.23
3933,39944655,,43.08999
3934,39955121,,43.01
3935,39966018,,43.20998
3936,39976070,,43.51
3937,39986321,,43.18999
3938,39996381,,43.29
3939,40006434,,42.89001
3940,40016482,,43.23
3941,40026533,,43.17001
3942,40036591,,42.91
3943,40046828,,43.17001
3944,40056894,,43.11001
3945,40066955,,43.08999
3946,40077058,,43.07
3947,40087118,,43.01
3948,40097419,,43.11001
3949,40107664,,43.30999
3950,40118104,,42.99001
3951,40128844,,43.17001
3952,40139396,,43.01
3953,40150339,,43.02999
3954,40160402,,42.99001
3955,40170458,,43.18999
3956,40180515,,42.99001
3957,40190619,,43.13
3958,40200684,,43.07
3959,40210731,,43.29
3960,40220781,,43.41
3961,40230839,,43.23
3962,40241291,,43.07
3963,40252399,,43.29
3964,40262454,,43.07
3965,40272516,,42.96999
3966,40282682,,43.46999
3967,40292740,,42.80999
3968,40302793,,42.77001
3969,40313071,,42.99001
3970,40323311,,43.02999
3971,40333367,,43.23
3972,40343426,,42.96999
3973,40354026,,43.01
3974,40364488,,43.17001
3975,40374561,,42.96999
3976,40384619,,43.02999
3977,40394690,,43.08999
3978,40404753,,43.07
3979,40414808,,43.02999
