Reading,Timestamp,DateTime,ObjectTemp,tTp_C,AmbientTemp_C,TempDiff_C,TestType,DeviceID,Notes
1,5,2025-07-10T14:50:37.861474,71.79001,70.49001,29.91,40.58001,warmup,ESP32_MLX90614_01,Initial_warmup_period
2,1069,2025-07-10T14:50:38.930876,71.72999,70.42999,29.91,40.51999,warmup,ESP32_MLX90614_01,Initial_warmup_period
3,2132,2025-07-10T14:50:40.021391,71.53,70.23,29.97,40.26,warmup,ESP32_MLX90614_01,Initial_warmup_period
4,3229,2025-07-10T14:50:41.540838,71.65,70.35,29.95001,40.39999,warmup,ESP32_MLX90614_01,Initial_warmup_period
5,4745,2025-07-10T14:50:42.600925,71.69001,70.39001,29.95001,40.44,warmup,ESP32_MLX90614_01,Initial_warmup_period
6,5808,2025-07-10T14:50:43.651004,71.59,70.29,30.01,40.28,warmup,ESP32_MLX90614_01,Initial_warmup_period
7,6853,2025-07-10T14:50:44.711857,71.47001,70.17001,29.99002,40.17999,warmup,ESP32_MLX90614_01,Initial_warmup_period
8,7919,2025-07-10T14:50:45.771676,71.26999,69.96999,30.01,39.95999,warmup,ESP32_MLX90614_01,Initial_warmup_period
9,8979,2025-07-10T14:50:46.831476,71.25,69.95,30.05001,39.89999,warmup,ESP32_MLX90614_01,Initial_warmup_period
10,10039,2025-07-10T14:50:47.901287,71.07001,69.77001,30.05001,39.72,warmup,ESP32_MLX90614_01,Initial_warmup_period
11,11111,2025-07-10T14:50:48.961080,71.13001,69.83001,30.05001,39.78,warmup,ESP32_MLX90614_01,
12,12162,2025-07-10T14:50:50.052067,71.15,69.85,30.11001,39.73999,warmup,ESP32_MLX90614_01,
13,13259,2025-07-10T14:50:51.151037,71.26999,69.96999,30.07,39.89999,warmup,ESP32_MLX90614_01,
14,14352,2025-07-10T14:50:52.201906,71.07001,69.77001,30.11001,39.66,warmup,ESP32_MLX90614_01,
15,15409,2025-07-10T14:50:53.431256,70.97001,69.67001,30.14999,39.52002,warmup,ESP32_MLX90614_01,
16,16631,2025-07-10T14:50:54.660981,70.88999,69.58999,30.14999,39.44,warmup,ESP32_MLX90614_01,
17,17868,2025-07-10T14:50:55.880881,70.88999,69.58999,30.13,39.45999,warmup,ESP32_MLX90614_01,
18,19088,2025-07-10T14:50:56.930880,70.75,69.45,30.17001,39.27999,warmup,ESP32_MLX90614_01,
19,20131,2025-07-10T14:50:57.981364,70.59,69.29,30.17001,39.11999,warmup,ESP32_MLX90614_01,
20,21189,2025-07-10T14:50:59.071129,70.71,69.41,30.20999,39.20001,warmup,ESP32_MLX90614_01,
21,22274,2025-07-10T14:51:00.121163,70.59,69.29,30.23001,39.05999,warmup,ESP32_MLX90614_01,
22,23328,2025-07-10T14:51:01.211332,70.59,69.29,30.24999,39.04001,warmup,ESP32_MLX90614_01,
23,24414,2025-07-10T14:51:02.261186,70.53,69.23,30.24999,38.98001,warmup,ESP32_MLX90614_01,
24,25464,2025-07-10T14:51:03.570805,70.50998,69.20998,30.27001,38.93997,warmup,ESP32_MLX90614_01,
25,26772,2025-07-10T14:51:04.631038,70.29001,68.99001,30.29,38.70001,warmup,ESP32_MLX90614_01,
26,27839,2025-07-10T14:51:05.711582,70.13001,68.83001,30.29,38.54001,warmup,ESP32_MLX90614_01,
27,28919,2025-07-10T14:51:06.770904,70.16999,68.86999,30.33001,38.53998,warmup,ESP32_MLX90614_01,
28,29973,2025-07-10T14:51:08.170858,70.41001,69.11001,30.35,38.76001,warmup,ESP32_MLX90614_01,
29,31376,2025-07-10T14:51:09.402447,70.59,69.29,30.36999,38.92001,warmup,ESP32_MLX90614_01,
30,32604,2025-07-10T14:51:10.630834,70.31,69.01,30.35,38.66,warmup,ESP32_MLX90614_01,
31,33838,2025-07-10T14:51:11.871432,70.31,69.01,30.36999,38.64001,warmup,ESP32_MLX90614_01,
32,35079,2025-07-10T14:51:12.932322,70.41001,69.11001,30.42999,38.68002,warmup,ESP32_MLX90614_01,
33,36135,2025-07-10T14:51:14.041384,70.31,69.01,30.41,38.6,warmup,ESP32_MLX90614_01,
34,37249,2025-07-10T14:51:15.101068,70.15,68.85,30.42999,38.42001,warmup,ESP32_MLX90614_01,
35,38303,2025-07-10T14:51:16.170838,70.16999,68.86999,30.45001,38.41998,warmup,ESP32_MLX90614_01,
36,39380,2025-07-10T14:51:17.391285,70.15,68.85,30.41,38.44,warmup,ESP32_MLX90614_01,
37,40595,2025-07-10T14:51:18.631795,70.29001,68.99001,30.47,38.52001,warmup,ESP32_MLX90614_01,
38,41840,2025-07-10T14:51:19.701662,70.13001,68.83001,30.49002,38.33999,warmup,ESP32_MLX90614_01,
39,42903,2025-07-10T14:51:20.751308,70.13001,68.83001,30.49002,38.33999,warmup,ESP32_MLX90614_01,
40,43959,2025-07-10T14:51:21.841350,70.00998,68.70998,30.49002,38.21996,warmup,ESP32_MLX90614_01,
41,45044,2025-07-10T14:51:22.901093,70.04999,68.74999,30.51,38.23999,warmup,ESP32_MLX90614_01,
42,46110,2025-07-10T14:51:23.961208,69.97001,68.67001,30.51,38.16001,warmup,ESP32_MLX90614_01,
43,47170,2025-07-10T14:51:25.772677,70.04999,68.74999,30.51,38.23999,warmup,ESP32_MLX90614_01,
44,49172,2025-07-10T14:51:27.031056,69.88999,68.58999,30.55001,38.03998,warmup,ESP32_MLX90614_01,
45,50233,2025-07-10T14:51:28.451207,70.00998,68.70998,30.58999,38.11999,warmup,ESP32_MLX90614_01,
46,51660,2025-07-10T14:51:29.712080,70.10999,68.80999,30.61001,38.19998,warmup,ESP32_MLX90614_01,
47,52915,2025-07-10T14:51:30.781626,69.91001,68.61001,30.63,37.98001,warmup,ESP32_MLX90614_01,
48,53989,2025-07-10T14:51:32.131113,70.31,69.01,30.61001,38.39999,warmup,ESP32_MLX90614_01,
49,55370,2025-07-10T14:51:33.221154,70.43,69.13,30.63,38.5,warmup,ESP32_MLX90614_01,
50,56426,2025-07-10T14:51:34.290978,70.41001,69.11001,30.64999,38.46002,warmup,ESP32_MLX90614_01,
51,57498,2025-07-10T14:51:35.510884,70.15,68.85,30.69,38.16,warmup,ESP32_MLX90614_01,
52,58714,2025-07-10T14:51:36.741509,70.31,69.01,30.67001,38.33999,warmup,ESP32_MLX90614_01,
53,59950,2025-07-10T14:51:37.971891,70.21,68.91,30.70999,38.20001,warmup,ESP32_MLX90614_01,
54,61180,2025-07-10T14:51:39.030834,70.07001,68.77001,30.69,38.08001,warmup,ESP32_MLX90614_01,
55,62233,2025-07-10T14:51:40.803462,70.04999,68.74999,30.70999,38.04,warmup,ESP32_MLX90614_01,
56,64012,2025-07-10T14:51:41.871740,70.22999,68.92999,30.73001,38.19998,warmup,ESP32_MLX90614_01,
57,65073,2025-07-10T14:51:42.971787,70.04999,68.74999,30.79,37.95999,warmup,ESP32_MLX90614_01,
58,66179,2025-07-10T14:51:44.421131,70.37,69.07,30.74999,38.32001,warmup,ESP32_MLX90614_01,
59,67629,2025-07-10T14:51:45.651011,70.21,68.91,30.74999,38.16001,warmup,ESP32_MLX90614_01,
60,68852,2025-07-10T14:51:46.711289,70.09,68.79,30.83001,37.95999,warmup,ESP32_MLX90614_01,
61,69919,2025-07-10T14:51:48.111148,69.79001,68.49001,30.80999,37.68002,warmup,ESP32_MLX90614_01,
62,71319,2025-07-10T14:51:49.341231,69.88999,68.58999,30.85,37.73999,warmup,ESP32_MLX90614_01,
63,72543,2025-07-10T14:51:50.561763,70.04999,68.74999,30.83001,37.91998,warmup,ESP32_MLX90614_01,
64,73771,2025-07-10T14:51:51.821309,70.10999,68.80999,30.83001,37.97998,warmup,ESP32_MLX90614_01,
65,75030,2025-07-10T14:51:52.881104,70.19001,68.89001,30.83001,38.06,warmup,ESP32_MLX90614_01,
66,76084,2025-07-10T14:51:53.951037,69.98999,68.68999,30.89001,37.79998,warmup,ESP32_MLX90614_01,
67,77159,2025-07-10T14:51:55.001706,70.19001,68.89001,30.86999,38.02002,warmup,ESP32_MLX90614_01,
68,78203,2025-07-10T14:51:56.701086,69.88999,68.58999,30.89001,37.69998,warmup,ESP32_MLX90614_01,
69,79909,2025-07-10T14:51:57.781252,70.16999,68.86999,30.86999,38,warmup,ESP32_MLX90614_01,
70,80983,2025-07-10T14:51:58.841185,70.10999,68.80999,30.89001,37.91998,warmup,ESP32_MLX90614_01,
71,82058,2025-07-10T14:51:59.901925,70.15,68.85,30.91,37.94,warmup,ESP32_MLX90614_01,
72,83110,2025-07-10T14:52:01.711213,70.15,68.85,30.92999,37.92001,warmup,ESP32_MLX90614_01,
73,85115,2025-07-10T14:52:02.981293,70.29001,68.99001,30.95001,38.04,warmup,ESP32_MLX90614_01,
74,86185,2025-07-10T14:52:04.391306,70.29001,68.99001,30.97,38.02001,warmup,ESP32_MLX90614_01,
75,87599,2025-07-10T14:52:05.621662,70.22999,68.92999,31.01,37.91999,warmup,ESP32_MLX90614_01,
76,88823,2025-07-10T14:52:06.690860,70.00998,68.70998,30.97,37.73998,warmup,ESP32_MLX90614_01,
77,89898,2025-07-10T14:52:07.740888,70.13001,68.83001,30.97,37.86001,warmup,ESP32_MLX90614_01,
78,90951,2025-07-10T14:52:08.800880,70.00998,68.70998,31.01,37.69998,warmup,ESP32_MLX90614_01,
79,92003,2025-07-10T14:52:09.861630,70.10999,68.80999,31.02999,37.78,warmup,ESP32_MLX90614_01,
80,93069,2025-07-10T14:52:10.921261,70.16999,68.86999,31.01,37.85999,warmup,ESP32_MLX90614_01,
81,94126,2025-07-10T14:52:12.392028,70.15,68.85,31.05001,37.79999,warmup,ESP32_MLX90614_01,
82,95601,2025-07-10T14:52:14.002030,69.71,68.41,31.07,37.34,warmup,ESP32_MLX90614_01,
83,97404,2025-07-10T14:52:15.451181,70.03,68.73,31.07,37.66,warmup,ESP32_MLX90614_01,
84,98654,2025-07-10T14:52:16.681483,70.25,68.95,31.08999,37.86001,warmup,ESP32_MLX90614_01,
85,99891,2025-07-10T14:52:17.911780,70.25,68.95,31.11001,37.83999,warmup,ESP32_MLX90614_01,
86,101120,2025-07-10T14:52:18.971261,70.29001,68.99001,31.08999,37.90002,warmup,ESP32_MLX90614_01,
87,102174,2025-07-10T14:52:20.061601,70.19001,68.89001,31.11001,37.78,warmup,ESP32_MLX90614_01,
88,103269,2025-07-10T14:52:21.292038,70.04999,68.74999,31.13,37.61999,warmup,ESP32_MLX90614_01,
89,104494,2025-07-10T14:52:22.510970,70.21,68.91,31.11001,37.79999,warmup,ESP32_MLX90614_01,
90,105719,2025-07-10T14:52:23.581185,70.04999,68.74999,31.14999,37.6,warmup,ESP32_MLX90614_01,
91,106784,2025-07-10T14:52:24.630950,70.26999,68.96999,31.17001,37.79998,warmup,ESP32_MLX90614_01,
92,107838,2025-07-10T14:52:25.691525,70.22999,68.92999,31.13,37.79999,warmup,ESP32_MLX90614_01,
93,108893,2025-07-10T14:52:26.741008,70.26999,68.96999,31.17001,37.79998,warmup,ESP32_MLX90614_01,
94,109949,2025-07-10T14:52:27.791100,70.44999,69.14999,31.19,37.95999,warmup,ESP32_MLX90614_01,
95,110992,2025-07-10T14:52:28.851712,70.15,68.85,31.23001,37.61999,warmup,ESP32_MLX90614_01,
96,112060,2025-07-10T14:52:29.921628,70.00998,68.70998,31.19,37.51998,warmup,ESP32_MLX90614_01,
97,113130,2025-07-10T14:52:30.980901,69.97001,68.67001,31.23001,37.44,warmup,ESP32_MLX90614_01,
98,114183,2025-07-10T14:52:32.041328,70.00998,68.70998,31.23001,37.47997,warmup,ESP32_MLX90614_01,
99,115251,2025-07-10T14:52:33.102906,70.16999,68.86999,31.24999,37.62,warmup,ESP32_MLX90614_01,
100,116314,2025-07-10T14:52:34.191033,70.03,68.73,31.24999,37.48001,warmup,ESP32_MLX90614_01,
101,117399,2025-07-10T14:52:35.421402,70.00998,68.70998,31.24999,37.45999,warmup,ESP32_MLX90614_01,
102,118625,2025-07-10T14:52:36.651755,70.16999,68.86999,31.27001,37.59998,warmup,ESP32_MLX90614_01,
103,119860,2025-07-10T14:52:37.871886,69.97001,68.67001,31.27001,37.4,warmup,ESP32_MLX90614_01,
104,121080,2025-07-10T14:52:38.941871,69.94999,68.64999,31.29,37.35999,warmup,ESP32_MLX90614_01,
105,122146,2025-07-10T14:52:40.062237,70.09,68.79,31.33001,37.45999,warmup,ESP32_MLX90614_01,
106,123271,2025-07-10T14:52:41.121893,70.04999,68.74999,31.29,37.45999,warmup,ESP32_MLX90614_01,
107,124324,2025-07-10T14:52:42.251294,69.87,68.57,31.33001,37.23999,warmup,ESP32_MLX90614_01,
108,125459,2025-07-10T14:52:44.111605,70.04999,68.74999,31.30999,37.44,warmup,ESP32_MLX90614_01,
109,127509,2025-07-10T14:52:45.551807,69.76999,68.46999,31.33001,37.13998,warmup,ESP32_MLX90614_01,
110,128754,2025-07-10T14:52:46.600900,69.66999,68.36999,31.35,37.01999,warmup,ESP32_MLX90614_01,
111,129809,2025-07-10T14:52:47.650899,69.82999,68.52999,31.33001,37.19998,warmup,ESP32_MLX90614_01,
112,130854,2025-07-10T14:52:48.701740,69.88999,68.58999,31.33001,37.25998,warmup,ESP32_MLX90614_01,
113,131910,2025-07-10T14:52:49.761544,69.72999,68.42999,31.36999,37.06,warmup,ESP32_MLX90614_01,
114,132969,2025-07-10T14:52:50.811325,69.69001,68.39001,31.39001,37,warmup,ESP32_MLX90614_01,
115,134014,2025-07-10T14:52:51.861907,69.82999,68.52999,31.39001,37.13998,warmup,ESP32_MLX90614_01,
116,135064,2025-07-10T14:52:52.920927,70.04999,68.74999,31.39001,37.35998,warmup,ESP32_MLX90614_01,
117,136130,2025-07-10T14:52:54.001504,70.04999,68.74999,31.41,37.33999,warmup,ESP32_MLX90614_01,
118,137210,2025-07-10T14:52:55.061483,69.98999,68.68999,31.42999,37.26,warmup,ESP32_MLX90614_01,
119,138264,2025-07-10T14:52:56.321029,69.98999,68.68999,31.42999,37.26,warmup,ESP32_MLX90614_01,
120,139528,2025-07-10T14:52:57.540864,69.91001,68.61001,31.47,37.14001,warmup,ESP32_MLX90614_01,
121,140743,2025-07-10T14:52:58.601208,69.72999,68.42999,31.41,37.01999,warmup,ESP32_MLX90614_01,
122,141810,2025-07-10T14:52:59.691161,70.04999,68.74999,31.42999,37.32,warmup,ESP32_MLX90614_01,
123,142894,2025-07-10T14:53:00.740729,70.04999,68.74999,31.41,37.33999,warmup,ESP32_MLX90614_01,
124,143950,2025-07-10T14:53:01.801692,69.91001,68.61001,31.41,37.20001,warmup,ESP32_MLX90614_01,
125,145010,2025-07-10T14:53:02.850932,69.85001,68.55001,31.42999,37.12002,warmup,ESP32_MLX90614_01,
126,146056,2025-07-10T14:53:04.652018,70.19001,68.89001,31.47,37.42001,warmup,ESP32_MLX90614_01,
127,148091,2025-07-10T14:53:06.140917,69.93,68.63,31.47,37.16,warmup,ESP32_MLX90614_01,
128,149350,2025-07-10T14:53:07.201038,70.13001,68.83001,31.49002,37.33999,warmup,ESP32_MLX90614_01,
129,150406,2025-07-10T14:53:08.290933,70.19001,68.89001,31.49002,37.39999,warmup,ESP32_MLX90614_01,
130,151499,2025-07-10T14:53:09.341172,70.00998,68.70998,31.51,37.19998,warmup,ESP32_MLX90614_01,
131,152543,2025-07-10T14:53:10.391929,69.98999,68.68999,31.49002,37.19997,warmup,ESP32_MLX90614_01,
132,153601,2025-07-10T14:53:11.471993,69.97001,68.67001,31.52999,37.14002,warmup,ESP32_MLX90614_01,
133,154674,2025-07-10T14:53:12.901043,70.13001,68.83001,31.55001,37.28,warmup,ESP32_MLX90614_01,
134,156110,2025-07-10T14:53:14.121303,70.03,68.73,31.51,37.22,warmup,ESP32_MLX90614_01,
135,157330,2025-07-10T14:53:15.351681,69.91001,68.61001,31.52999,37.08002,warmup,ESP32_MLX90614_01,
136,158554,2025-07-10T14:53:16.411551,69.98999,68.68999,31.55001,37.13998,warmup,ESP32_MLX90614_01,
137,159620,2025-07-10T14:53:17.471191,69.88999,68.58999,31.55001,37.03998,warmup,ESP32_MLX90614_01,
138,160676,2025-07-10T14:53:18.531974,69.82999,68.52999,31.57,36.95999,warmup,ESP32_MLX90614_01,
139,161744,2025-07-10T14:53:20.362251,69.85001,68.55001,31.57,36.98001,warmup,ESP32_MLX90614_01,
140,163751,2025-07-10T14:53:21.601448,69.66999,68.36999,31.57,36.79999,warmup,ESP32_MLX90614_01,
141,164804,2025-07-10T14:53:22.651174,69.66999,68.36999,31.57,36.79999,warmup,ESP32_MLX90614_01,
142,165860,2025-07-10T14:53:24.351349,69.76999,68.46999,31.58999,36.88,warmup,ESP32_MLX90614_01,
143,167752,2025-07-10T14:53:25.801237,70.09,68.79,31.58999,37.20001,warmup,ESP32_MLX90614_01,
144,169011,2025-07-10T14:53:26.861000,70.03,68.73,31.58999,37.14001,warmup,ESP32_MLX90614_01,
145,170064,2025-07-10T14:53:27.950979,69.98999,68.68999,31.58999,37.1,warmup,ESP32_MLX90614_01,
146,171159,2025-07-10T14:53:29.032153,69.93,68.63,31.61001,37.01999,warmup,ESP32_MLX90614_01,
147,172235,2025-07-10T14:53:30.101229,69.85001,68.55001,31.61001,36.94,warmup,ESP32_MLX90614_01,
148,173310,2025-07-10T14:53:31.161491,69.81,68.51,31.61001,36.89999,warmup,ESP32_MLX90614_01,
149,174366,2025-07-10T14:53:32.251512,69.76999,68.46999,31.64999,36.82,warmup,ESP32_MLX90614_01,
150,175460,2025-07-10T14:53:33.481233,69.71,68.41,31.63,36.78,warmup,ESP32_MLX90614_01,
151,176693,2025-07-10T14:53:34.711236,69.85001,68.55001,31.63,36.92001,warmup,ESP32_MLX90614_01,
152,177922,2025-07-10T14:53:35.940892,70.04999,68.74999,31.63,37.11999,warmup,ESP32_MLX90614_01,
153,179148,2025-07-10T14:53:36.991381,70.03,68.73,31.64999,37.08001,warmup,ESP32_MLX90614_01,
154,180194,2025-07-10T14:53:38.692072,70.21,68.91,31.64999,37.26001,warmup,ESP32_MLX90614_01,
155,181901,2025-07-10T14:53:39.751817,69.97001,68.67001,31.69,36.98001,warmup,ESP32_MLX90614_01,
156,182955,2025-07-10T14:53:40.811275,69.81,68.51,31.70999,36.80001,warmup,ESP32_MLX90614_01,
157,184023,2025-07-10T14:53:41.881451,70.13001,68.83001,31.70999,37.12002,warmup,ESP32_MLX90614_01,
158,185084,2025-07-10T14:53:42.941202,70.09,68.79,31.69,37.1,warmup,ESP32_MLX90614_01,
159,186150,2025-07-10T14:53:44.041311,69.87,68.57,31.69,36.88,warmup,ESP32_MLX90614_01,
160,187250,2025-07-10T14:53:45.851172,69.88999,68.58999,31.69,36.89999,warmup,ESP32_MLX90614_01,
161,189257,2025-07-10T14:53:47.101547,70.03,68.73,31.73001,36.99999,warmup,ESP32_MLX90614_01,
162,190306,2025-07-10T14:53:48.171426,70.00998,68.70998,31.73001,36.97997,warmup,ESP32_MLX90614_01,
163,191381,2025-07-10T14:53:49.261385,70.00998,68.70998,31.70999,36.99999,warmup,ESP32_MLX90614_01,
164,192466,2025-07-10T14:53:50.681475,70.04999,68.74999,31.74999,37,warmup,ESP32_MLX90614_01,
165,193890,2025-07-10T14:53:51.911816,70.19001,68.89001,31.73001,37.16,warmup,ESP32_MLX90614_01,
166,195121,2025-07-10T14:53:52.981740,69.97001,68.67001,31.77001,36.9,warmup,ESP32_MLX90614_01,
167,196185,2025-07-10T14:53:54.031221,70.10999,68.80999,31.74999,37.06,warmup,ESP32_MLX90614_01,
168,197241,2025-07-10T14:53:55.080926,70.09,68.79,31.74999,37.04001,warmup,ESP32_MLX90614_01,
169,198284,2025-07-10T14:53:56.131633,70.25,68.95,31.77001,37.17999,warmup,ESP32_MLX90614_01,
170,199341,2025-07-10T14:53:57.481166,70.26999,68.96999,31.74999,37.22,warmup,ESP32_MLX90614_01,
171,200685,2025-07-10T14:53:58.571066,70.10999,68.80999,31.74999,37.06,warmup,ESP32_MLX90614_01,
172,201780,2025-07-10T14:54:00.192148,70.31,69.01,31.77001,37.23999,warmup,ESP32_MLX90614_01,
173,203402,2025-07-10T14:54:01.430898,70.31,69.01,31.79,37.22,warmup,ESP32_MLX90614_01,
174,204632,2025-07-10T14:54:02.661581,70.22999,68.92999,31.79,37.13999,warmup,ESP32_MLX90614_01,
175,206996,2025-07-10T14:54:04.841989,70.19001,68.89001,31.80999,37.08002,warmup,ESP32_MLX90614_01,
176,208051,2025-07-10T14:54:06.041975,70.21,68.91,31.79,37.12,warmup,ESP32_MLX90614_01,
177,209257,2025-07-10T14:54:07.101766,70.07001,68.77001,31.83001,36.94,warmup,ESP32_MLX90614_01,
178,210305,2025-07-10T14:54:08.151574,69.81,68.51,31.79,36.72,warmup,ESP32_MLX90614_01,
179,211360,2025-07-10T14:54:09.220993,69.94999,68.64999,31.80999,36.84,warmup,ESP32_MLX90614_01,
180,212424,2025-07-10T14:54:10.720991,69.87,68.57,31.80999,36.76001,warmup,ESP32_MLX90614_01,
181,213930,2025-07-10T14:54:12.581219,69.85001,68.55001,31.85,36.70001,warmup,ESP32_MLX90614_01,
182,215791,2025-07-10T14:54:13.640972,70.22999,68.92999,31.85,37.07999,warmup,ESP32_MLX90614_01,
183,216844,2025-07-10T14:54:14.700957,70.10999,68.80999,31.85,36.95999,warmup,ESP32_MLX90614_01,
184,217911,2025-07-10T14:54:15.771625,70.07001,68.77001,31.85,36.92001,warmup,ESP32_MLX90614_01,
185,218981,2025-07-10T14:54:16.831373,70.04999,68.74999,31.86999,36.88,warmup,ESP32_MLX90614_01,
186,220037,2025-07-10T14:54:17.921389,70.04999,68.74999,31.85,36.89999,warmup,ESP32_MLX90614_01,
187,221124,2025-07-10T14:54:18.970845,70.43,69.13,31.86999,37.26001,warmup,ESP32_MLX90614_01,
188,222180,2025-07-10T14:54:20.171280,70.41001,69.11001,31.86999,37.24002,warmup,ESP32_MLX90614_01,
189,223380,2025-07-10T14:54:21.402211,70.48999,69.18999,31.89001,37.29998,warmup,ESP32_MLX90614_01,
190,224604,2025-07-10T14:54:22.631096,69.91001,68.61001,31.86999,36.74002,warmup,ESP32_MLX90614_01,
191,225840,2025-07-10T14:54:23.861199,70.25,68.95,31.86999,37.08001,warmup,ESP32_MLX90614_01,
192,227070,2025-07-10T14:54:24.910960,70.35001,69.05001,31.89001,37.16,warmup,ESP32_MLX90614_01,
193,228113,2025-07-10T14:54:25.961585,70.21,68.91,31.89001,37.01999,warmup,ESP32_MLX90614_01,
194,229171,2025-07-10T14:54:27.011036,70.21,68.91,31.92999,36.98001,warmup,ESP32_MLX90614_01,
195,230214,2025-07-10T14:54:28.761297,70.37,69.07,31.89001,37.17999,warmup,ESP32_MLX90614_01,
196,231971,2025-07-10T14:54:29.821083,69.79001,68.49001,31.92999,36.56002,warmup,ESP32_MLX90614_01,
197,233026,2025-07-10T14:54:30.871125,69.75,68.45,31.92999,36.52001,warmup,ESP32_MLX90614_01,
198,234080,2025-07-10T14:54:31.921236,69.72999,68.42999,31.95001,36.47998,warmup,ESP32_MLX90614_01,
199,235131,2025-07-10T14:54:32.981089,69.91001,68.61001,31.95001,36.66,warmup,ESP32_MLX90614_01,
200,236183,2025-07-10T14:54:34.692184,69.97001,68.67001,31.97,36.70001,warmup,ESP32_MLX90614_01,
201,238104,2025-07-10T14:54:36.151551,69.98999,68.68999,31.95001,36.73998,warmup,ESP32_MLX90614_01,
202,239361,2025-07-10T14:54:37.381048,69.98999,68.68999,31.92999,36.76,warmup,ESP32_MLX90614_01,
203,240588,2025-07-10T14:54:38.431524,69.76999,68.46999,31.92999,36.54,warmup,ESP32_MLX90614_01,
204,241641,2025-07-10T14:54:39.531644,69.75,68.45,31.97,36.48,warmup,ESP32_MLX90614_01,
205,242734,2025-07-10T14:54:40.831722,69.93,68.63,31.97,36.66,warmup,ESP32_MLX90614_01,
206,244042,2025-07-10T14:54:41.901508,70.31,69.01,31.97,37.04,warmup,ESP32_MLX90614_01,
207,245105,2025-07-10T14:54:42.991337,69.93,68.63,31.99002,36.63998,warmup,ESP32_MLX90614_01,
208,246201,2025-07-10T14:54:44.051270,69.57001,68.27001,31.97,36.30001,warmup,ESP32_MLX90614_01,
209,247260,2025-07-10T14:54:45.762194,69.98999,68.68999,31.95001,36.73998,warmup,ESP32_MLX90614_01,
210,249161,2025-07-10T14:54:47.011492,69.94999,68.64999,31.99002,36.65997,warmup,ESP32_MLX90614_01,
211,250215,2025-07-10T14:54:48.061151,69.82999,68.52999,31.99002,36.53997,warmup,ESP32_MLX90614_01,
212,251272,2025-07-10T14:54:49.681258,69.94999,68.64999,31.97,36.67999,warmup,ESP32_MLX90614_01,
213,252885,2025-07-10T14:54:50.731828,69.88999,68.58999,32.02999,36.56,warmup,ESP32_MLX90614_01,
214,253941,2025-07-10T14:54:51.821895,69.71,68.41,32.01,36.4,warmup,ESP32_MLX90614_01,
215,255031,2025-07-10T14:54:52.891814,69.98999,68.68999,32.01,36.67999,warmup,ESP32_MLX90614_01,
216,256096,2025-07-10T14:54:53.971706,69.75,68.45,32.05001,36.39999,warmup,ESP32_MLX90614_01,
217,257181,2025-07-10T14:54:55.021380,69.94999,68.64999,32.07,36.57999,warmup,ESP32_MLX90614_01,
218,258225,2025-07-10T14:54:56.070963,69.87,68.57,32.05001,36.51999,warmup,ESP32_MLX90614_01,
219,259281,2025-07-10T14:54:57.142019,69.94999,68.64999,32.01,36.63999,warmup,ESP32_MLX90614_01,
220,260346,2025-07-10T14:54:58.191289,70.16999,68.86999,32.05001,36.81998,warmup,ESP32_MLX90614_01,
221,261402,2025-07-10T14:54:59.251388,69.94999,68.64999,32.07,36.57999,warmup,ESP32_MLX90614_01,
222,262457,2025-07-10T14:55:00.321246,69.93,68.63,32.05001,36.57999,warmup,ESP32_MLX90614_01,
223,263530,2025-07-10T14:55:01.641452,69.82999,68.52999,32.07,36.45999,warmup,ESP32_MLX90614_01,
224,264845,2025-07-10T14:55:02.730971,70.21,68.91,32.05001,36.85999,warmup,ESP32_MLX90614_01,
225,265940,2025-07-10T14:55:03.781099,70.19001,68.89001,32.05001,36.84,warmup,ESP32_MLX90614_01,
226,266985,2025-07-10T14:55:04.832020,69.98999,68.68999,32.05001,36.63998,warmup,ESP32_MLX90614_01,
227,268044,2025-07-10T14:55:06.252007,69.79001,68.49001,32.05001,36.44,warmup,ESP32_MLX90614_01,
228,269462,2025-07-10T14:55:07.481424,69.94999,68.64999,32.08999,36.56,warmup,ESP32_MLX90614_01,
229,270685,2025-07-10T14:55:08.711812,69.97001,68.67001,32.08999,36.58002,warmup,ESP32_MLX90614_01,
230,271921,2025-07-10T14:55:09.760994,69.93,68.63,32.08999,36.54001,warmup,ESP32_MLX90614_01,
231,272965,2025-07-10T14:55:10.821014,70.00998,68.70998,32.11001,36.59997,warmup,ESP32_MLX90614_01,
232,274032,2025-07-10T14:55:11.892108,69.93,68.63,32.07,36.56,warmup,ESP32_MLX90614_01,
233,275096,2025-07-10T14:55:12.951805,69.98999,68.68999,32.07,36.61999,warmup,ESP32_MLX90614_01,
234,276161,2025-07-10T14:55:14.001531,69.98999,68.68999,32.08999,36.6,warmup,ESP32_MLX90614_01,
235,277210,2025-07-10T14:55:15.051254,69.88999,68.58999,32.11001,36.47998,warmup,ESP32_MLX90614_01,
236,278255,2025-07-10T14:55:16.101836,69.97001,68.67001,32.08999,36.58002,warmup,ESP32_MLX90614_01,
237,279311,2025-07-10T14:55:17.151639,70.13001,68.83001,32.11001,36.72,warmup,ESP32_MLX90614_01,
238,280355,2025-07-10T14:55:18.202705,69.98999,68.68999,32.14999,36.54,warmup,ESP32_MLX90614_01,
239,281413,2025-07-10T14:55:19.461691,69.93,68.63,32.11001,36.51999,warmup,ESP32_MLX90614_01,
240,282665,2025-07-10T14:55:20.511539,69.69001,68.39001,32.14999,36.24002,warmup,ESP32_MLX90614_01,
241,283721,2025-07-10T14:55:22.211368,69.98999,68.68999,32.17001,36.51998,warmup,ESP32_MLX90614_01,
242,285421,2025-07-10T14:55:23.461715,70.04999,68.74999,32.14999,36.6,warmup,ESP32_MLX90614_01,
243,286666,2025-07-10T14:55:24.681927,69.81,68.51,32.17001,36.33999,warmup,ESP32_MLX90614_01,
244,287892,2025-07-10T14:55:25.911297,69.85001,68.55001,32.17001,36.38,warmup,ESP32_MLX90614_01,
245,289121,2025-07-10T14:55:26.961897,69.79001,68.49001,32.11001,36.38,warmup,ESP32_MLX90614_01,
246,290166,2025-07-10T14:55:28.722256,70.04999,68.74999,32.17001,36.57998,warmup,ESP32_MLX90614_01,
247,292171,2025-07-10T14:55:30.211836,69.76999,68.46999,32.17001,36.29998,warmup,ESP32_MLX90614_01,
248,293422,2025-07-10T14:55:31.442203,69.98999,68.68999,32.11001,36.57998,warmup,ESP32_MLX90614_01,
249,294647,2025-07-10T14:55:32.491902,70.16999,68.86999,32.17001,36.69998,warmup,ESP32_MLX90614_01,
250,295702,2025-07-10T14:55:33.551636,70.04999,68.74999,32.17001,36.57998,warmup,ESP32_MLX90614_01,
251,296756,2025-07-10T14:55:34.621458,69.87,68.57,32.17001,36.39999,warmup,ESP32_MLX90614_01,
252,297831,2025-07-10T14:55:36.051624,70.00998,68.70998,32.14999,36.55999,warmup,ESP32_MLX90614_01,
253,299262,2025-07-10T14:55:37.111385,69.94999,68.64999,32.17001,36.47998,warmup,ESP32_MLX90614_01,
254,300315,2025-07-10T14:55:38.160998,70.03,68.73,32.17001,36.55999,warmup,ESP32_MLX90614_01,
255,301371,2025-07-10T14:55:39.211837,69.87,68.57,32.18999,36.38001,warmup,ESP32_MLX90614_01,
256,302416,2025-07-10T14:55:40.951204,69.82999,68.52999,32.18999,36.34,warmup,ESP32_MLX90614_01,
257,304161,2025-07-10T14:55:42.001050,70.09,68.79,32.18999,36.60001,warmup,ESP32_MLX90614_01,
258,305211,2025-07-10T14:55:43.051141,69.97001,68.67001,32.20998,36.46003,warmup,ESP32_MLX90614_01,
259,306255,2025-07-10T14:55:44.101030,70.22999,68.92999,32.23,36.69999,warmup,ESP32_MLX90614_01,
260,307311,2025-07-10T14:55:45.151764,70.38999,69.08999,32.20998,36.88001,warmup,ESP32_MLX90614_01,
261,308356,2025-07-10T14:55:46.201529,70.04999,68.74999,32.20998,36.54001,warmup,ESP32_MLX90614_01,
262,309412,2025-07-10T14:55:47.420957,70.07001,68.77001,32.23,36.54001,warmup,ESP32_MLX90614_01,
263,310625,2025-07-10T14:55:48.471495,70.21,68.91,32.23,36.68,warmup,ESP32_MLX90614_01,
264,311681,2025-07-10T14:55:49.571655,70.19001,68.89001,32.20998,36.68003,warmup,ESP32_MLX90614_01,
265,312775,2025-07-10T14:55:50.621271,70.19001,68.89001,32.20998,36.68003,warmup,ESP32_MLX90614_01,
266,313832,2025-07-10T14:55:51.721505,70.13001,68.83001,32.23,36.60001,warmup,ESP32_MLX90614_01,
267,314924,2025-07-10T14:55:52.771145,70.29001,68.99001,32.20998,36.78003,warmup,ESP32_MLX90614_01,
268,315981,2025-07-10T14:55:54.571239,70.04999,68.74999,32.27001,36.47998,warmup,ESP32_MLX90614_01,
269,317976,2025-07-10T14:55:56.012930,69.63001,68.33001,32.20998,36.12003,warmup,ESP32_MLX90614_01,
270,319224,2025-07-10T14:55:57.071756,69.79001,68.49001,32.23,36.26001,warmup,ESP32_MLX90614_01,
271,320276,2025-07-10T14:55:58.121467,69.76999,68.46999,32.23,36.23999,warmup,ESP32_MLX90614_01,
272,321331,2025-07-10T14:55:59.170974,70.10999,68.80999,32.23,36.57999,warmup,ESP32_MLX90614_01,
273,322375,2025-07-10T14:56:00.922825,70.04999,68.74999,32.20998,36.54001,warmup,ESP32_MLX90614_01,
274,324133,2025-07-10T14:56:01.981257,69.91001,68.61001,32.27001,36.34,warmup,ESP32_MLX90614_01,
275,325191,2025-07-10T14:56:03.031562,69.91001,68.61001,32.24999,36.36002,warmup,ESP32_MLX90614_01,
276,326236,2025-07-10T14:56:04.081063,70.10999,68.80999,32.23,36.57999,warmup,ESP32_MLX90614_01,
277,327288,2025-07-10T14:56:05.131153,69.88999,68.58999,32.27001,36.31998,warmup,ESP32_MLX90614_01,
278,328335,2025-07-10T14:56:06.761406,70.09,68.79,32.27001,36.51999,warmup,ESP32_MLX90614_01,
279,329968,2025-07-10T14:56:08.001679,70.07001,68.77001,32.24999,36.52002,warmup,ESP32_MLX90614_01,
280,331212,2025-07-10T14:56:09.061498,70.09,68.79,32.29,36.5,warmup,ESP32_MLX90614_01,
281,332265,2025-07-10T14:56:10.761316,70.15,68.85,32.27001,36.57999,warmup,ESP32_MLX90614_01,
282,333969,2025-07-10T14:56:11.991609,70.13001,68.83001,32.27001,36.56,warmup,ESP32_MLX90614_01,
283,335202,2025-07-10T14:56:13.051467,69.94999,68.64999,32.27001,36.37998,warmup,ESP32_MLX90614_01,
284,336256,2025-07-10T14:56:14.451102,70.15,68.85,32.27001,36.57999,warmup,ESP32_MLX90614_01,
285,337662,2025-07-10T14:56:15.681317,69.91001,68.61001,32.29,36.32001,warmup,ESP32_MLX90614_01,
286,338886,2025-07-10T14:56:16.771650,69.85001,68.55001,32.27001,36.28,warmup,ESP32_MLX90614_01,
287,339982,2025-07-10T14:56:17.831066,69.82999,68.52999,32.29,36.23999,warmup,ESP32_MLX90614_01,
288,341035,2025-07-10T14:56:18.891191,70.15,68.85,32.30999,36.54001,warmup,ESP32_MLX90614_01,
289,342101,2025-07-10T14:56:20.901142,70.25,68.95,32.29,36.66,warmup,ESP32_MLX90614_01,
290,344111,2025-07-10T14:56:22.130861,70.25,68.95,32.29,36.66,warmup,ESP32_MLX90614_01,
291,345342,2025-07-10T14:56:23.191046,69.98999,68.68999,32.33001,36.35998,warmup,ESP32_MLX90614_01,
292,346395,2025-07-10T14:56:24.881681,69.91001,68.61001,32.30999,36.30002,warmup,ESP32_MLX90614_01,
293,348092,2025-07-10T14:56:26.118601,69.57001,68.27001,32.30999,35.96002,warmup,ESP32_MLX90614_01,
294,349329,2025-07-10T14:56:27.171586,69.91001,68.61001,32.33001,36.28,warmup,ESP32_MLX90614_01,
295,350376,2025-07-10T14:56:28.891147,70.13001,68.83001,32.36999,36.46002,warmup,ESP32_MLX90614_01,
296,352102,2025-07-10T14:56:30.121173,69.94999,68.64999,32.33001,36.31998,warmup,ESP32_MLX90614_01,
297,353331,2025-07-10T14:56:31.171437,70.04999,68.74999,32.36999,36.38,warmup,ESP32_MLX90614_01,
298,354377,2025-07-10T14:56:32.871367,70.19001,68.89001,32.33001,36.56,warmup,ESP32_MLX90614_01,
299,356081,2025-07-10T14:56:34.111074,70.25,68.95,32.33001,36.61999,warmup,ESP32_MLX90614_01,
300,357317,2025-07-10T14:56:35.161183,69.81,68.51,32.39001,36.11999,warmup,ESP32_MLX90614_01,
301,358366,2025-07-10T14:56:36.211906,69.91001,68.61001,32.33001,36.28,warmup,ESP32_MLX90614_01,
302,359423,2025-07-10T14:56:37.291937,69.93,68.63,32.36999,36.26001,warmup,ESP32_MLX90614_01,
303,360497,2025-07-10T14:56:38.341149,69.85001,68.55001,32.33001,36.22,warmup,ESP32_MLX90614_01,
304,361552,2025-07-10T14:56:40.031427,69.85001,68.55001,32.39001,36.16,warmup,ESP32_MLX90614_01,
305,363441,2025-07-10T14:56:41.281682,70.13001,68.83001,32.36999,36.46002,warmup,ESP32_MLX90614_01,
306,364486,2025-07-10T14:56:42.771075,69.87,68.57,32.41,36.16,warmup,ESP32_MLX90614_01,
307,365983,2025-07-10T14:56:43.841287,70.10999,68.80999,32.33001,36.47998,warmup,ESP32_MLX90614_01,
308,367052,2025-07-10T14:56:44.902080,69.81,68.51,32.39001,36.11999,warmup,ESP32_MLX90614_01,
309,368107,2025-07-10T14:56:45.991458,69.85001,68.55001,32.33001,36.22,warmup,ESP32_MLX90614_01,
310,369203,2025-07-10T14:56:47.051289,69.63001,68.33001,32.39001,35.94,warmup,ESP32_MLX90614_01,
311,370256,2025-07-10T14:56:48.141861,70.00998,68.70998,32.39001,36.31997,warmup,ESP32_MLX90614_01,
312,371352,2025-07-10T14:56:49.191127,69.87,68.57,32.39001,36.17999,warmup,ESP32_MLX90614_01,
313,372396,2025-07-10T14:56:50.241081,69.87,68.57,32.36999,36.20001,warmup,ESP32_MLX90614_01,
314,373451,2025-07-10T14:56:51.292111,69.71,68.41,32.39001,36.01999,warmup,ESP32_MLX90614_01,
315,374497,2025-07-10T14:56:52.541128,69.69001,68.39001,32.41,35.98001,warmup,ESP32_MLX90614_01,
316,375751,2025-07-10T14:56:53.771841,69.93,68.63,32.41,36.22,warmup,ESP32_MLX90614_01,
317,376978,2025-07-10T14:56:54.821479,69.76999,68.46999,32.42999,36.04,warmup,ESP32_MLX90614_01,
318,378032,2025-07-10T14:56:55.871154,70.03,68.73,32.39001,36.33999,warmup,ESP32_MLX90614_01,
319,379082,2025-07-10T14:56:56.921384,69.85001,68.55001,32.41,36.14001,warmup,ESP32_MLX90614_01,
320,380127,2025-07-10T14:56:57.971083,69.76999,68.46999,32.41,36.05999,warmup,ESP32_MLX90614_01,
321,381174,2025-07-10T14:56:59.021092,69.88999,68.58999,32.39001,36.19998,warmup,ESP32_MLX90614_01,
322,382233,2025-07-10T14:57:00.081874,69.81,68.51,32.41,36.1,warmup,ESP32_MLX90614_01,
323,383293,2025-07-10T14:57:01.151739,69.75,68.45,32.41,36.04,warmup,ESP32_MLX90614_01,
324,384357,2025-07-10T14:57:02.371948,69.87,68.57,32.42999,36.14001,warmup,ESP32_MLX90614_01,
325,385583,2025-07-10T14:57:03.431771,69.81,68.51,32.42999,36.08001,warmup,ESP32_MLX90614_01,
326,386637,2025-07-10T14:57:04.831174,69.91001,68.61001,32.39001,36.22,warmup,ESP32_MLX90614_01,
327,388038,2025-07-10T14:57:05.881280,69.93,68.63,32.39001,36.23999,warmup,ESP32_MLX90614_01,
328,389086,2025-07-10T14:57:06.931184,69.71,68.41,32.41,36,warmup,ESP32_MLX90614_01,
329,390143,2025-07-10T14:57:08.011464,69.88999,68.58999,32.42999,36.16,warmup,ESP32_MLX90614_01,
330,391222,2025-07-10T14:57:09.061058,69.91001,68.61001,32.45,36.16001,warmup,ESP32_MLX90614_01,
331,392266,2025-07-10T14:57:10.732188,69.81,68.51,32.42999,36.08001,warmup,ESP32_MLX90614_01,
332,393945,2025-07-10T14:57:11.801210,69.79001,68.49001,32.45,36.04001,warmup,ESP32_MLX90614_01,
333,395006,2025-07-10T14:57:12.901953,69.82999,68.52999,32.45,36.07999,warmup,ESP32_MLX90614_01,
334,396113,2025-07-10T14:57:14.752189,69.71,68.41,32.45,35.96,warmup,ESP32_MLX90614_01,
335,398155,2025-07-10T14:57:16.201314,69.81,68.51,32.45,36.06,warmup,ESP32_MLX90614_01,
336,399413,2025-07-10T14:57:17.262015,69.98999,68.68999,32.46999,36.22,warmup,ESP32_MLX90614_01,
337,400466,2025-07-10T14:57:18.311733,69.88999,68.58999,32.45,36.13999,warmup,ESP32_MLX90614_01,
338,401523,2025-07-10T14:57:19.381167,69.85001,68.55001,32.45,36.10001,warmup,ESP32_MLX90614_01,
339,402586,2025-07-10T14:57:20.811120,69.93,68.63,32.45,36.18,warmup,ESP32_MLX90614_01,
340,404022,2025-07-10T14:57:22.032082,69.93,68.63,32.42999,36.20001,warmup,ESP32_MLX90614_01,
341,405243,2025-07-10T14:57:23.091884,69.85001,68.55001,32.45,36.10001,warmup,ESP32_MLX90614_01,
342,406297,2025-07-10T14:57:24.792505,69.87,68.57,32.45,36.12,warmup,ESP32_MLX90614_01,
343,408004,2025-07-10T14:57:26.032822,69.91001,68.61001,32.41,36.20001,warmup,ESP32_MLX90614_01,
344,409244,2025-07-10T14:57:27.091536,69.76999,68.46999,32.42999,36.04,warmup,ESP32_MLX90614_01,
345,410298,2025-07-10T14:57:28.181495,69.94999,68.64999,32.45,36.19999,warmup,ESP32_MLX90614_01,
346,411391,2025-07-10T14:57:29.231158,69.94999,68.64999,32.45,36.19999,warmup,ESP32_MLX90614_01,
347,412436,2025-07-10T14:57:30.932782,69.93,68.63,32.45,36.18,warmup,ESP32_MLX90614_01,
348,414144,2025-07-10T14:57:31.991663,70.09,68.79,32.42999,36.36001,warmup,ESP32_MLX90614_01,
349,415197,2025-07-10T14:57:33.051417,70.21,68.91,32.45,36.46,warmup,ESP32_MLX90614_01,
350,416262,2025-07-10T14:57:34.122537,70.21,68.91,32.45,36.46,warmup,ESP32_MLX90614_01,
351,417334,2025-07-10T14:57:37.091566,70.04999,68.74999,32.46999,36.28,warmup,ESP32_MLX90614_01,
352,420296,2025-07-10T14:57:38.321995,70.43,69.13,32.46999,36.66001,warmup,ESP32_MLX90614_01,
353,421533,2025-07-10T14:57:39.542627,70.09,68.79,32.45,36.34,warmup,ESP32_MLX90614_01,
354,422748,2025-07-10T14:57:40.961013,70.13001,68.83001,32.46999,36.36002,warmup,ESP32_MLX90614_01,
355,424173,2025-07-10T14:57:42.111854,70.00998,68.70998,32.45,36.25998,warmup,ESP32_MLX90614_01,
356,425324,2025-07-10T14:57:43.171600,70.32999,69.02999,32.49001,36.53998,warmup,ESP32_MLX90614_01,
357,426377,2025-07-10T14:57:44.262000,70.22999,68.92999,32.46999,36.46,warmup,ESP32_MLX90614_01,
358,427473,2025-07-10T14:57:45.691886,69.98999,68.68999,32.46999,36.22,warmup,ESP32_MLX90614_01,
359,428897,2025-07-10T14:57:46.921299,69.98999,68.68999,32.49001,36.19998,warmup,ESP32_MLX90614_01,
360,430132,2025-07-10T14:57:48.151623,70.04999,68.74999,32.45,36.29999,warmup,ESP32_MLX90614_01,
361,431363,2025-07-10T14:57:49.211304,69.94999,68.64999,32.46999,36.18,warmup,ESP32_MLX90614_01,
362,432417,2025-07-10T14:57:50.301331,69.82999,68.52999,32.46999,36.06,warmup,ESP32_MLX90614_01,
363,433511,2025-07-10T14:57:51.521379,69.91001,68.61001,32.46999,36.14002,warmup,ESP32_MLX90614_01,
364,434727,2025-07-10T14:57:52.751173,69.85001,68.55001,32.46999,36.08002,warmup,ESP32_MLX90614_01,
365,435962,2025-07-10T14:57:53.981386,69.82999,68.52999,32.46999,36.06,warmup,ESP32_MLX90614_01,
366,437192,2025-07-10T14:57:55.051422,70.19001,68.89001,32.49001,36.4,warmup,ESP32_MLX90614_01,
367,438254,2025-07-10T14:57:56.731893,69.93,68.63,32.49001,36.13999,warmup,ESP32_MLX90614_01,
368,439943,2025-07-10T14:57:57.801585,69.75,68.45,32.49001,35.95999,warmup,ESP32_MLX90614_01,
369,441004,2025-07-10T14:57:58.851363,69.72999,68.42999,32.52999,35.9,warmup,ESP32_MLX90614_01,
370,442062,2025-07-10T14:57:59.901812,69.57001,68.27001,32.46999,35.80002,warmup,ESP32_MLX90614_01,
371,443106,2025-07-10T14:58:00.951468,69.72999,68.42999,32.46999,35.96,warmup,ESP32_MLX90614_01,
372,444162,2025-07-10T14:58:02.001167,70.09,68.79,32.49001,36.29999,warmup,ESP32_MLX90614_01,
373,445212,2025-07-10T14:58:03.051812,69.91001,68.61001,32.45,36.16001,warmup,ESP32_MLX90614_01,
374,446257,2025-07-10T14:58:04.131894,69.87,68.57,32.51,36.06,warmup,ESP32_MLX90614_01,
375,447343,2025-07-10T14:58:05.181517,69.71,68.41,32.49001,35.91999,warmup,ESP32_MLX90614_01,
376,448386,2025-07-10T14:58:06.872234,70.07001,68.77001,32.49001,36.28,warmup,ESP32_MLX90614_01,
377,450082,2025-07-10T14:58:07.921835,70.04999,68.74999,32.51,36.23999,warmup,ESP32_MLX90614_01,
378,451127,2025-07-10T14:58:08.971525,69.94999,68.64999,32.49001,36.15998,warmup,ESP32_MLX90614_01,
379,452182,2025-07-10T14:58:10.022170,70.03,68.73,32.45,36.28,warmup,ESP32_MLX90614_01,
380,453237,2025-07-10T14:58:11.081260,70.10999,68.80999,32.51,36.29999,warmup,ESP32_MLX90614_01,
381,454286,2025-07-10T14:58:12.191193,69.87,68.57,32.52999,36.04001,warmup,ESP32_MLX90614_01,
382,455401,2025-07-10T14:58:13.241806,70.10999,68.80999,32.52999,36.28,warmup,ESP32_MLX90614_01,
383,456447,2025-07-10T14:58:14.861916,70.07001,68.77001,32.49001,36.28,warmup,ESP32_MLX90614_01,
384,458073,2025-07-10T14:58:15.921590,70.25,68.95,32.51,36.44,warmup,ESP32_MLX90614_01,
385,459127,2025-07-10T14:58:16.972113,70.22999,68.92999,32.49001,36.43998,warmup,ESP32_MLX90614_01,
386,460183,2025-07-10T14:58:18.031942,70.21,68.91,32.51,36.4,warmup,ESP32_MLX90614_01,
387,461244,2025-07-10T14:58:19.091885,70.13001,68.83001,32.46999,36.36002,warmup,ESP32_MLX90614_01,
388,462297,2025-07-10T14:58:20.801598,69.94999,68.64999,32.49001,36.15998,warmup,ESP32_MLX90614_01,
389,464203,2025-07-10T14:58:22.052015,69.94999,68.64999,32.52999,36.12,warmup,ESP32_MLX90614_01,
390,465264,2025-07-10T14:58:25.011265,70.07001,68.77001,32.52999,36.24002,warmup,ESP32_MLX90614_01,
391,468221,2025-07-10T14:58:26.241640,69.85001,68.55001,32.51,36.04001,warmup,ESP32_MLX90614_01,
392,469453,2025-07-10T14:58:27.522587,69.82999,68.52999,32.49001,36.03998,warmup,ESP32_MLX90614_01,
393,470950,2025-07-10T14:58:28.801181,70.00998,68.70998,32.51,36.19998,warmup,ESP32_MLX90614_01,
394,472013,2025-07-10T14:58:29.852016,70.00998,68.70998,32.51,36.19998,warmup,ESP32_MLX90614_01,
395,473064,2025-07-10T14:58:30.912039,69.79001,68.49001,32.52999,35.96002,warmup,ESP32_MLX90614_01,
396,474121,2025-07-10T14:58:31.981518,69.75,68.45,32.51,35.94,warmup,ESP32_MLX90614_01,
397,475193,2025-07-10T14:58:33.031372,69.88999,68.58999,32.49001,36.09998,warmup,ESP32_MLX90614_01,
398,476237,2025-07-10T14:58:34.081148,69.94999,68.64999,32.51,36.13999,warmup,ESP32_MLX90614_01,
399,477287,2025-07-10T14:58:35.131803,69.79001,68.49001,32.52999,35.96002,warmup,ESP32_MLX90614_01,
400,478344,2025-07-10T14:58:36.382298,70.09,68.79,32.51,36.28,warmup,ESP32_MLX90614_01,
401,479594,2025-07-10T14:58:37.611428,69.98999,68.68999,32.52999,36.16,warmup,ESP32_MLX90614_01,
402,480818,2025-07-10T14:58:38.661168,70.21,68.91,32.51,36.4,warmup,ESP32_MLX90614_01,
403,481872,2025-07-10T14:58:39.712223,69.93,68.63,32.49001,36.13999,warmup,ESP32_MLX90614_01,
404,482917,2025-07-10T14:58:40.755289,69.88999,68.58999,32.51,36.07999,warmup,ESP32_MLX90614_01,
405,483967,2025-07-10T14:58:41.811393,70.22999,68.92999,32.52999,36.4,warmup,ESP32_MLX90614_01,
406,485017,2025-07-10T14:58:42.871509,70.09,68.79,32.51,36.28,warmup,ESP32_MLX90614_01,
407,486083,2025-07-10T14:58:43.932208,70.32999,69.02999,32.51,36.51999,warmup,ESP32_MLX90614_01,
408,487137,2025-07-10T14:58:44.981931,70.21,68.91,32.51,36.4,warmup,ESP32_MLX90614_01,
409,488193,2025-07-10T14:58:46.211265,70.25,68.95,32.55001,36.39999,warmup,ESP32_MLX90614_01,
410,489422,2025-07-10T14:58:47.261969,69.98999,68.68999,32.51,36.17999,warmup,ESP32_MLX90614_01,
411,490468,2025-07-10T14:58:48.311242,70.22999,68.92999,32.52999,36.4,warmup,ESP32_MLX90614_01,
412,491523,2025-07-10T14:58:49.391844,70.25,68.95,32.51,36.44,warmup,ESP32_MLX90614_01,
413,492599,2025-07-10T14:58:50.441457,69.94999,68.64999,32.51,36.13999,warmup,ESP32_MLX90614_01,
414,493652,2025-07-10T14:58:52.123152,69.97001,68.67001,32.52999,36.14002,warmup,ESP32_MLX90614_01,
415,495538,2025-07-10T14:58:53.581379,70.22999,68.92999,32.52999,36.4,warmup,ESP32_MLX90614_01,
416,496788,2025-07-10T14:58:54.811210,70.09,68.79,32.52999,36.26001,warmup,ESP32_MLX90614_01,
417,498023,2025-07-10T14:58:56.042063,69.87,68.57,32.55001,36.01999,warmup,ESP32_MLX90614_01,
418,499254,2025-07-10T14:58:57.101890,70.26999,68.96999,32.55001,36.41998,warmup,ESP32_MLX90614_01,
419,500308,2025-07-10T14:58:58.191928,70.10999,68.80999,32.52999,36.28,warmup,ESP32_MLX90614_01,
420,501404,2025-07-10T14:58:59.251925,69.82999,68.52999,32.55001,35.97998,warmup,ESP32_MLX90614_01,
421,502458,2025-07-10T14:59:00.351338,69.60999,68.30999,32.52999,35.78,warmup,ESP32_MLX90614_01,
422,503563,2025-07-10T14:59:01.571508,69.76999,68.46999,32.55001,35.91998,warmup,ESP32_MLX90614_01,
423,504775,2025-07-10T14:59:02.800438,70.00998,68.70998,32.57,36.13998,warmup,ESP32_MLX90614_01,
424,506013,2025-07-10T14:59:03.851327,69.88999,68.58999,32.55001,36.03998,warmup,ESP32_MLX90614_01,
425,507057,2025-07-10T14:59:04.902189,70.00998,68.70998,32.55001,36.15997,warmup,ESP32_MLX90614_01,
426,508113,2025-07-10T14:59:05.972088,69.91001,68.61001,32.55001,36.06,warmup,ESP32_MLX90614_01,
427,509178,2025-07-10T14:59:07.032043,69.85001,68.55001,32.55001,36,warmup,ESP32_MLX90614_01,
428,510244,2025-07-10T14:59:08.721735,69.91001,68.61001,32.55001,36.06,warmup,ESP32_MLX90614_01,
429,512124,2025-07-10T14:59:09.971695,69.91001,68.61001,32.52999,36.08002,warmup,ESP32_MLX90614_01,
430,513178,2025-07-10T14:59:11.021250,70.04999,68.74999,32.52999,36.22,warmup,ESP32_MLX90614_01,
431,514243,2025-07-10T14:59:12.121206,69.97001,68.67001,32.52999,36.14002,warmup,ESP32_MLX90614_01,
432,515333,2025-07-10T14:59:13.171562,70.25,68.95,32.55001,36.39999,warmup,ESP32_MLX90614_01,
433,516377,2025-07-10T14:59:14.471244,70.09,68.79,32.52999,36.26001,warmup,ESP32_MLX90614_01,
434,517683,2025-07-10T14:59:15.701948,70.19001,68.89001,32.52999,36.36002,warmup,ESP32_MLX90614_01,
435,518908,2025-07-10T14:59:16.751654,70.04999,68.74999,32.55001,36.19998,warmup,ESP32_MLX90614_01,
436,519962,2025-07-10T14:59:18.551474,70.16999,68.86999,32.55001,36.31998,warmup,ESP32_MLX90614_01,
437,521958,2025-07-10T14:59:19.801668,69.72999,68.42999,32.52999,35.9,warmup,ESP32_MLX90614_01,
438,523006,2025-07-10T14:59:20.861545,69.88999,68.58999,32.52999,36.06,warmup,ESP32_MLX90614_01,
439,524073,2025-07-10T14:59:21.911433,69.97001,68.67001,32.55001,36.12,warmup,ESP32_MLX90614_01,
440,525118,2025-07-10T14:59:22.963242,69.82999,68.52999,32.52999,36,warmup,ESP32_MLX90614_01,
441,526175,2025-07-10T14:59:24.692013,69.87,68.57,32.57,36,warmup,ESP32_MLX90614_01,
442,528103,2025-07-10T14:59:26.142226,69.75,68.45,32.55001,35.89999,warmup,ESP32_MLX90614_01,
443,529355,2025-07-10T14:59:27.201281,69.87,68.57,32.52999,36.04001,warmup,ESP32_MLX90614_01,
444,530407,2025-07-10T14:59:28.601172,69.93,68.63,32.57,36.06,warmup,ESP32_MLX90614_01,
445,531813,2025-07-10T14:59:29.832441,70.25,68.95,32.57,36.38,warmup,ESP32_MLX90614_01,
446,533038,2025-07-10T14:59:30.881977,70.22999,68.92999,32.57,36.35999,warmup,ESP32_MLX90614_01,
447,534093,2025-07-10T14:59:31.931654,70.10999,68.80999,32.57,36.23999,warmup,ESP32_MLX90614_01,
448,535144,2025-07-10T14:59:32.981352,70.00998,68.70998,32.57,36.13998,warmup,ESP32_MLX90614_01,
449,536187,2025-07-10T14:59:34.732531,70.10999,68.80999,32.61001,36.19998,warmup,ESP32_MLX90614_01,
450,537945,2025-07-10T14:59:35.971788,70.00998,68.70998,32.57,36.13998,warmup,ESP32_MLX90614_01,
451,539185,2025-07-10T14:59:37.031147,69.97001,68.67001,32.55001,36.12,warmup,ESP32_MLX90614_01,
452,540237,2025-07-10T14:59:38.431478,69.93,68.63,32.57,36.06,warmup,ESP32_MLX90614_01,
453,541645,2025-07-10T14:59:39.491434,69.87,68.57,32.57,36,warmup,ESP32_MLX90614_01,
454,542698,2025-07-10T14:59:40.541243,70.00998,68.70998,32.57,36.13998,warmup,ESP32_MLX90614_01,
455,543753,2025-07-10T14:59:41.611961,70.07001,68.77001,32.61001,36.16,warmup,ESP32_MLX90614_01,
456,544817,2025-07-10T14:59:43.131467,70.26999,68.96999,32.57,36.39999,warmup,ESP32_MLX90614_01,
457,546343,2025-07-10T14:59:44.872149,69.91001,68.61001,32.61001,36,warmup,ESP32_MLX90614_01,
458,548084,2025-07-10T14:59:46.111129,69.87,68.57,32.63,35.94,warmup,ESP32_MLX90614_01,
459,549325,2025-07-10T14:59:47.172379,70.00998,68.70998,32.55001,36.15997,warmup,ESP32_MLX90614_01,
460,550378,2025-07-10T14:59:48.862105,69.93,68.63,32.57,36.06,warmup,ESP32_MLX90614_01,
461,552074,2025-07-10T14:59:49.921477,69.93,68.63,32.61001,36.01999,warmup,ESP32_MLX90614_01,
462,553128,2025-07-10T14:59:50.981251,69.66999,68.36999,32.57,35.79999,warmup,ESP32_MLX90614_01,
463,554193,2025-07-10T14:59:52.051291,69.85001,68.55001,32.61001,35.94,warmup,ESP32_MLX90614_01,
464,555257,2025-07-10T14:59:53.112186,69.91001,68.61001,32.61001,36,warmup,ESP32_MLX90614_01,
465,556324,2025-07-10T14:59:54.802030,70.19001,68.89001,32.57,36.32001,warmup,ESP32_MLX90614_01,
466,558208,2025-07-10T14:59:56.051363,69.71,68.41,32.57,35.84,warmup,ESP32_MLX90614_01,
467,559258,2025-07-10T14:59:57.101463,69.63001,68.33001,32.61001,35.72,warmup,ESP32_MLX90614_01,
468,560314,2025-07-10T14:59:58.402044,69.65,68.35,32.57,35.78,warmup,ESP32_MLX90614_01,
469,561614,2025-07-10T14:59:59.451225,69.63001,68.33001,32.57,35.76001,warmup,ESP32_MLX90614_01,
470,562657,2025-07-10T15:00:00.872203,69.66999,68.36999,32.57,35.79999,warmup,ESP32_MLX90614_01,
471,564086,2025-07-10T15:00:02.081371,69.54999,68.24999,32.61001,35.63998,warmup,ESP32_MLX90614_01,
472,565291,2025-07-10T15:00:03.131196,69.66999,68.36999,32.63,35.73999,warmup,ESP32_MLX90614_01,
473,566337,2025-07-10T15:00:04.862150,69.60999,68.30999,32.61001,35.69998,warmup,ESP32_MLX90614_01,
474,568075,2025-07-10T15:00:05.921839,69.79001,68.49001,32.61001,35.88,warmup,ESP32_MLX90614_01,
475,569128,2025-07-10T15:00:06.972496,69.94999,68.64999,32.61001,36.03998,warmup,ESP32_MLX90614_01,
476,570185,2025-07-10T15:00:08.232085,70.10999,68.80999,32.61001,36.19998,warmup,ESP32_MLX90614_01,
477,571442,2025-07-10T15:00:09.281684,69.76999,68.46999,32.63,35.83999,warmup,ESP32_MLX90614_01,
478,572489,2025-07-10T15:00:11.062797,69.72999,68.42999,32.57,35.85999,warmup,ESP32_MLX90614_01,
479,574275,2025-07-10T15:00:12.132023,69.65,68.35,32.63,35.72,warmup,ESP32_MLX90614_01,
480,575338,2025-07-10T15:00:13.241427,69.75,68.45,32.63,35.82,warmup,ESP32_MLX90614_01,
481,576454,2025-07-10T15:00:14.982143,69.72999,68.42999,32.63,35.79999,warmup,ESP32_MLX90614_01,
482,578196,2025-07-10T15:00:16.041318,69.79001,68.49001,32.63,35.86001,warmup,ESP32_MLX90614_01,
483,579248,2025-07-10T15:00:17.091744,69.97001,68.67001,32.57,36.10001,warmup,ESP32_MLX90614_01,
484,580304,2025-07-10T15:00:18.171677,70.09,68.79,32.61001,36.17999,warmup,ESP32_MLX90614_01,
485,581385,2025-07-10T15:00:19.891521,69.87,68.57,32.61001,35.95999,warmup,ESP32_MLX90614_01,
486,583097,2025-07-10T15:00:20.941433,70.04999,68.74999,32.61001,36.13998,warmup,ESP32_MLX90614_01,
487,584154,2025-07-10T15:00:22.752636,69.91001,68.61001,32.63,35.98001,warmup,ESP32_MLX90614_01,
488,586164,2025-07-10T15:00:24.001533,69.98999,68.68999,32.64999,36.04,warmup,ESP32_MLX90614_01,
489,587209,2025-07-10T15:00:25.052193,70.16999,68.86999,32.61001,36.25998,warmup,ESP32_MLX90614_01,
490,588266,2025-07-10T15:00:26.731454,70.00998,68.70998,32.64999,36.05999,warmup,ESP32_MLX90614_01,
491,590157,2025-07-10T15:00:28.001274,69.93,68.63,32.63,36,warmup,ESP32_MLX90614_01,
492,591208,2025-07-10T15:00:29.052088,69.93,68.63,32.64999,35.98001,warmup,ESP32_MLX90614_01,
493,592264,2025-07-10T15:00:30.741887,69.66999,68.36999,32.61001,35.75998,warmup,ESP32_MLX90614_01,
494,594150,2025-07-10T15:00:31.992591,69.79001,68.49001,32.64999,35.84002,warmup,ESP32_MLX90614_01,
495,595199,2025-07-10T15:00:33.041965,70.00998,68.70998,32.63,36.07998,warmup,ESP32_MLX90614_01,
496,596254,2025-07-10T15:00:34.742031,69.82999,68.52999,32.63,35.89999,warmup,ESP32_MLX90614_01,
497,598145,2025-07-10T15:00:36.192222,69.93,68.63,32.63,36,warmup,ESP32_MLX90614_01,
498,599405,2025-07-10T15:00:37.252037,69.69001,68.39001,32.64999,35.74002,warmup,ESP32_MLX90614_01,
499,600460,2025-07-10T15:00:38.311345,70.00998,68.70998,32.64999,36.05999,warmup,ESP32_MLX90614_01,
500,601520,2025-07-10T15:00:39.561289,70.00998,68.70998,32.63,36.07998,warmup,ESP32_MLX90614_01,
501,602768,2025-07-10T15:00:40.791629,69.81,68.51,32.63,35.88,warmup,ESP32_MLX90614_01,
502,604004,2025-07-10T15:00:42.022142,70.03,68.73,32.63,36.1,warmup,ESP32_MLX90614_01,
503,605236,2025-07-10T15:00:43.351372,69.91001,68.61001,32.63,35.98001,warmup,ESP32_MLX90614_01,
504,606558,2025-07-10T15:00:44.402212,70.00998,68.70998,32.57,36.13998,warmup,ESP32_MLX90614_01,
505,607615,2025-07-10T15:00:46.102070,69.91001,68.61001,32.57,36.04001,warmup,ESP32_MLX90614_01,
506,609511,2025-07-10T15:00:47.351317,69.88999,68.58999,32.64999,35.94,warmup,ESP32_MLX90614_01,
507,610558,2025-07-10T15:00:49.083090,69.79001,68.49001,32.64999,35.84002,warmup,ESP32_MLX90614_01,
508,612296,2025-07-10T15:00:50.321853,70.03,68.73,32.64999,36.08001,warmup,ESP32_MLX90614_01,
509,613535,2025-07-10T15:00:51.541885,69.97001,68.67001,32.67001,36,warmup,ESP32_MLX90614_01,
510,614748,2025-07-10T15:00:52.771527,69.98999,68.68999,32.63,36.05999,warmup,ESP32_MLX90614_01,
511,615984,2025-07-10T15:00:54.001558,69.91001,68.61001,32.63,35.98001,warmup,ESP32_MLX90614_01,
512,617215,2025-07-10T15:00:55.061333,69.85001,68.55001,32.61001,35.94,warmup,ESP32_MLX90614_01,
513,618268,2025-07-10T15:00:56.751808,69.94999,68.64999,32.57,36.07999,warmup,ESP32_MLX90614_01,
514,619964,2025-07-10T15:00:57.801535,70.03,68.73,32.63,36.1,warmup,ESP32_MLX90614_01,
515,621009,2025-07-10T15:00:58.921264,69.93,68.63,32.63,36,warmup,ESP32_MLX90614_01,
516,622134,2025-07-10T15:01:00.152543,70.04999,68.74999,32.63,36.11999,warmup,ESP32_MLX90614_01,
517,623365,2025-07-10T15:01:01.211906,70.03,68.73,32.63,36.1,warmup,ESP32_MLX90614_01,
518,624419,2025-07-10T15:01:02.301871,69.81,68.51,32.61001,35.89999,warmup,ESP32_MLX90614_01,
519,625515,2025-07-10T15:01:03.361867,70.41001,69.11001,32.63,36.48001,warmup,ESP32_MLX90614_01,
520,626570,2025-07-10T15:01:04.452636,70.09,68.79,32.63,36.16,warmup,ESP32_MLX90614_01,
521,627667,2025-07-10T15:01:05.512007,70.00998,68.70998,32.61001,36.09997,warmup,ESP32_MLX90614_01,
522,628720,2025-07-10T15:01:06.601808,69.94999,68.64999,32.61001,36.03998,warmup,ESP32_MLX90614_01,
523,629816,2025-07-10T15:01:07.711285,70.03,68.73,32.63,36.1,warmup,ESP32_MLX90614_01,
524,630919,2025-07-10T15:01:09.061424,69.79001,68.49001,32.61001,35.88,warmup,ESP32_MLX90614_01,
525,632268,2025-07-10T15:01:10.281749,69.98999,68.68999,32.61001,36.07998,warmup,ESP32_MLX90614_01,
526,633496,2025-07-10T15:01:11.341597,69.91001,68.61001,32.63,35.98001,warmup,ESP32_MLX90614_01,
527,634547,2025-07-10T15:01:13.113359,69.85001,68.55001,32.63,35.92001,warmup,ESP32_MLX90614_01,
528,636329,2025-07-10T15:01:14.181604,70.00998,68.70998,32.63,36.07998,warmup,ESP32_MLX90614_01,
529,637395,2025-07-10T15:01:15.241489,69.98999,68.68999,32.63,36.05999,warmup,ESP32_MLX90614_01,
530,638449,2025-07-10T15:01:16.341503,70.25,68.95,32.67001,36.27999,warmup,ESP32_MLX90614_01,
531,639553,2025-07-10T15:01:17.661832,70.03,68.73,32.63,36.1,warmup,ESP32_MLX90614_01,
532,640869,2025-07-10T15:01:18.892159,69.91001,68.61001,32.64999,35.96002,warmup,ESP32_MLX90614_01,
533,642105,2025-07-10T15:01:20.111421,69.91001,68.61001,32.64999,35.96002,warmup,ESP32_MLX90614_01,
534,643324,2025-07-10T15:01:21.162143,69.93,68.63,32.63,36,warmup,ESP32_MLX90614_01,
535,644369,2025-07-10T15:01:22.571305,69.98999,68.68999,32.61001,36.07998,warmup,ESP32_MLX90614_01,
536,645784,2025-07-10T15:01:23.621328,70.09,68.79,32.63,36.16,warmup,ESP32_MLX90614_01,
537,646828,2025-07-10T15:01:25.031355,70.00998,68.70998,32.63,36.07998,warmup,ESP32_MLX90614_01,
538,648244,2025-07-10T15:01:26.262058,69.91001,68.61001,32.63,35.98001,warmup,ESP32_MLX90614_01,
539,649475,2025-07-10T15:01:27.311804,69.87,68.57,32.64999,35.92001,warmup,ESP32_MLX90614_01,
540,650520,2025-07-10T15:01:29.012648,70.04999,68.74999,32.63,36.11999,warmup,ESP32_MLX90614_01,
541,652225,2025-07-10T15:01:30.251830,69.82999,68.52999,32.63,35.89999,warmup,ESP32_MLX90614_01,
542,653466,2025-07-10T15:01:31.311452,69.66999,68.36999,32.63,35.73999,warmup,ESP32_MLX90614_01,
543,654518,2025-07-10T15:01:32.391846,69.82999,68.52999,32.64999,35.88,warmup,ESP32_MLX90614_01,
544,655605,2025-07-10T15:01:33.631153,70.22999,68.92999,32.63,36.29999,warmup,ESP32_MLX90614_01,
545,656838,2025-07-10T15:01:34.861621,70.09,68.79,32.63,36.16,warmup,ESP32_MLX90614_01,
546,658074,2025-07-10T15:01:35.922431,69.82999,68.52999,32.63,35.89999,warmup,ESP32_MLX90614_01,
547,659130,2025-07-10T15:01:36.971360,69.97001,68.67001,32.63,36.04001,warmup,ESP32_MLX90614_01,
548,660184,2025-07-10T15:01:38.041354,69.94999,68.64999,32.63,36.01999,warmup,ESP32_MLX90614_01,
549,661248,2025-07-10T15:01:39.091308,69.79001,68.49001,32.63,35.86001,warmup,ESP32_MLX90614_01,
550,662305,2025-07-10T15:01:40.142170,69.98999,68.68999,32.63,36.05999,warmup,ESP32_MLX90614_01,
551,663354,2025-07-10T15:01:41.212253,69.94999,68.64999,32.64999,36,warmup,ESP32_MLX90614_01,
552,664421,2025-07-10T15:01:42.311530,69.98999,68.68999,32.64999,36.04,warmup,ESP32_MLX90614_01,
553,665524,2025-07-10T15:01:43.362148,70.29001,68.99001,32.63,36.36001,warmup,ESP32_MLX90614_01,
554,666569,2025-07-10T15:01:44.411826,70.15,68.85,32.64999,36.20001,warmup,ESP32_MLX90614_01,
555,667624,2025-07-10T15:01:45.501836,70.15,68.85,32.64999,36.20001,warmup,ESP32_MLX90614_01,
556,668710,2025-07-10T15:01:47.139597,70.07001,68.77001,32.63,36.14001,warmup,ESP32_MLX90614_01,
557,670354,2025-07-10T15:01:48.187386,70.10999,68.80999,32.63,36.17999,warmup,ESP32_MLX90614_01,
558,671400,2025-07-10T15:01:49.241595,70.44999,69.14999,32.63,36.51999,warmup,ESP32_MLX90614_01,
559,672449,2025-07-10T15:01:50.331638,70.25,68.95,32.61001,36.33999,warmup,ESP32_MLX90614_01,
560,673546,2025-07-10T15:01:51.391436,70.10999,68.80999,32.63,36.17999,warmup,ESP32_MLX90614_01,
561,674600,2025-07-10T15:01:52.481513,69.93,68.63,32.64999,35.98001,warmup,ESP32_MLX90614_01,
562,675695,2025-07-10T15:01:53.911683,69.98999,68.68999,32.67001,36.01998,warmup,ESP32_MLX90614_01,
563,677120,2025-07-10T15:01:54.961463,69.94999,68.64999,32.67001,35.97998,warmup,ESP32_MLX90614_01,
564,678175,2025-07-10T15:01:56.711879,69.79001,68.49001,32.64999,35.84002,warmup,ESP32_MLX90614_01,
565,680167,2025-07-10T15:01:58.011537,69.93,68.63,32.67001,35.95999,warmup,ESP32_MLX90614_01,
566,681220,2025-07-10T15:01:59.071446,70.04999,68.74999,32.64999,36.1,warmup,ESP32_MLX90614_01,
567,682285,2025-07-10T15:02:00.122134,69.66999,68.36999,32.63,35.73999,warmup,ESP32_MLX90614_01,
568,683336,2025-07-10T15:02:01.181183,70.41001,69.11001,32.64999,36.46002,warmup,ESP32_MLX90614_01,
569,684389,2025-07-10T15:02:02.901648,70.15,68.85,32.63,36.22,warmup,ESP32_MLX90614_01,
570,686311,2025-07-10T15:02:04.352255,70.22999,68.92999,32.67001,36.25998,warmup,ESP32_MLX90614_01,
571,687565,2025-07-10T15:02:05.581774,70.09,68.79,32.63,36.16,warmup,ESP32_MLX90614_01,
572,688790,2025-07-10T15:02:06.811847,70.07001,68.77001,32.67001,36.1,warmup,ESP32_MLX90614_01,
573,690024,2025-07-10T15:02:08.043335,70.03,68.73,32.68999,36.04001,warmup,ESP32_MLX90614_01,
574,691257,2025-07-10T15:02:09.101691,70.16999,68.86999,32.63,36.23999,warmup,ESP32_MLX90614_01,
575,692315,2025-07-10T15:02:10.191474,69.94999,68.64999,32.67001,35.97998,warmup,ESP32_MLX90614_01,
576,693405,2025-07-10T15:02:11.242827,69.87,68.57,32.64999,35.92001,warmup,ESP32_MLX90614_01,
577,694450,2025-07-10T15:02:12.291360,70.10999,68.80999,32.67001,36.13998,warmup,ESP32_MLX90614_01,
578,695505,2025-07-10T15:02:13.352506,69.98999,68.68999,32.67001,36.01998,warmup,ESP32_MLX90614_01,
579,696560,2025-07-10T15:02:14.412336,70.07001,68.77001,32.64999,36.12002,warmup,ESP32_MLX90614_01,
580,697627,2025-07-10T15:02:16.632105,69.82999,68.52999,32.64999,35.88,warmup,ESP32_MLX90614_01,
581,699846,2025-07-10T15:02:17.871371,70.32999,69.02999,32.68999,36.34,warmup,ESP32_MLX90614_01,
582,701078,2025-07-10T15:02:18.952368,70.29001,68.99001,32.67001,36.32,warmup,ESP32_MLX90614_01,
583,702166,2025-07-10T15:02:20.021525,70.26999,68.96999,32.67001,36.29998,warmup,ESP32_MLX90614_01,
584,703228,2025-07-10T15:02:21.072006,70.15,68.85,32.64999,36.20001,warmup,ESP32_MLX90614_01,
585,704285,2025-07-10T15:02:22.872151,70.22999,68.92999,32.61001,36.31998,warmup,ESP32_MLX90614_01,
586,706279,2025-07-10T15:02:24.322003,70.07001,68.77001,32.67001,36.1,warmup,ESP32_MLX90614_01,
587,707536,2025-07-10T15:02:25.381720,70.03,68.73,32.64999,36.08001,warmup,ESP32_MLX90614_01,
588,708589,2025-07-10T15:02:26.781548,69.98999,68.68999,32.67001,36.01998,warmup,ESP32_MLX90614_01,
589,709994,2025-07-10T15:02:28.001935,70.00998,68.70998,32.70998,36,warmup,ESP32_MLX90614_01,
590,711210,2025-07-10T15:02:29.061168,70.03,68.73,32.67001,36.05999,warmup,ESP32_MLX90614_01,
591,712275,2025-07-10T15:02:30.461365,70.04999,68.74999,32.67001,36.07998,warmup,ESP32_MLX90614_01,
592,713675,2025-07-10T15:02:31.692065,69.82999,68.52999,32.67001,35.85998,warmup,ESP32_MLX90614_01,
593,714900,2025-07-10T15:02:32.921675,69.69001,68.39001,32.64999,35.74002,warmup,ESP32_MLX90614_01,
594,716136,2025-07-10T15:02:34.151567,69.91001,68.61001,32.64999,35.96002,warmup,ESP32_MLX90614_01,
595,717366,2025-07-10T15:02:35.211821,69.97001,68.67001,32.67001,36,warmup,ESP32_MLX90614_01,
596,718420,2025-07-10T15:02:36.941893,70.03,68.73,32.67001,36.05999,warmup,ESP32_MLX90614_01,
597,720157,2025-07-10T15:02:38.142853,69.63001,68.33001,32.67001,35.66,warmup,ESP32_MLX90614_01,
598,721358,2025-07-10T15:02:39.202557,69.82999,68.52999,32.67001,35.85998,warmup,ESP32_MLX90614_01,
599,722417,2025-07-10T15:02:40.971756,70.10999,68.80999,32.67001,36.13998,warmup,ESP32_MLX90614_01,
600,724187,2025-07-10T15:02:42.042052,69.76999,68.46999,32.68999,35.78,warmup,ESP32_MLX90614_01,
